Accuracy,BalancedAccuracy,Recall,CohenKappa,Precision,GeometricMean,F1,Demographic_Parity,Disparate_Impact,Equal_Opportunity,Equalized_FPR,IndividualFairness,time
0.0,0.0,0.0,0.0,0.0,0.0,0.0,inf,inf,inf,inf,0.0,2026-03-07 12:46:23.980934
0.0,0.0,0.0,-1.0,0.0,0.0,0.0,inf,inf,inf,inf,0.5,2026-03-07 12:46:23.981952
0.3333333333333333,0.25,0.0,-0.5000000000000001,0.0,0.0,0.0,inf,inf,inf,inf,0.3333333333333333,2026-03-07 12:46:23.981952
0.5,0.3333333333333333,0.0,-0.3333333333333333,0.0,0.0,0.0,inf,inf,inf,inf,0.25,2026-03-07 12:46:23.982969
0.6,0.375,0.0,-0.2500000000000007,0.0,0.0,0.0,inf,inf,inf,inf,0.2,2026-03-07 12:46:23.982969
0.6666666666666666,0.4,0.0,-0.20000000000000057,0.0,0.0,0.0,inf,inf,inf,inf,0.16666666666666666,2026-03-07 12:46:23.983995
0.7142857142857143,0.4166666666666667,0.0,-0.16666666666666635,0.0,0.0,0.0,inf,inf,inf,inf,0.14285714285714285,2026-03-07 12:46:23.985015
0.75,0.42857142857142855,0.0,-0.14285714285714285,0.0,0.0,0.0,inf,inf,inf,inf,0.125,2026-03-07 12:46:23.985015
0.7777777777777778,0.4375,0.0,-0.125,0.0,0.0,0.0,inf,inf,inf,inf,0.1111111111111111,2026-03-07 12:46:23.986018
0.8,0.4444444444444444,0.0,-0.11111111111111124,0.0,0.0,0.0,inf,inf,inf,inf,0.1,2026-03-07 12:46:23.986018
0.8181818181818182,0.45,0.0,-0.09999999999999892,0.0,0.0,0.0,inf,inf,inf,inf,0.09090909090909091,2026-03-07 12:46:23.987522
0.8333333333333334,0.45454545454545453,0.0,-0.09090909090908979,0.0,0.0,0.0,inf,inf,inf,inf,0.08333333333333333,2026-03-07 12:46:23.987522
0.7692307692307693,0.45454545454545453,0.0,-0.11428571428571377,0.0,0.0,0.0,inf,inf,inf,inf,0.07692307692307693,2026-03-07 12:46:23.988525
0.7142857142857143,0.45454545454545453,0.0,-0.11999999999999966,0.0,0.0,0.0,inf,inf,inf,inf,0.07142857142857142,2026-03-07 12:46:23.989530
0.7333333333333333,0.4583333333333333,0.0,-0.11111111111111137,0.0,0.0,0.0,inf,inf,inf,inf,0.06666666666666667,2026-03-07 12:46:23.989530
0.6875,0.4583333333333333,0.0,-0.1111111111111111,0.0,0.0,0.0,inf,inf,inf,inf,0.0625,2026-03-07 12:46:23.990533
0.7058823529411765,0.46153846153846156,0.0,-0.10389610389610338,0.0,0.0,0.0,inf,inf,inf,inf,0.058823529411764705,2026-03-07 12:46:23.991623
0.7222222222222222,0.4642857142857143,0.0,-0.09756097560975609,0.0,0.0,0.0,inf,inf,inf,inf,0.05555555555555555,2026-03-07 12:46:23.992675
0.7368421052631579,0.4666666666666667,0.0,-0.09195402298850577,0.0,0.0,0.0,inf,inf,inf,inf,0.05263157894736842,2026-03-07 12:46:23.993679
0.75,0.46875,0.0,-0.08695652173913052,0.0,0.0,0.0,inf,inf,inf,inf,0.05,2026-03-07 12:46:23.994682
0.7619047619047619,0.47058823529411764,0.0,-0.08247422680412415,0.0,0.0,0.0,inf,inf,inf,inf,0.047619047619047616,2026-03-07 12:46:23.995678
0.7272727272727273,0.47058823529411764,0.0,-0.08196721311475429,0.0,0.0,0.0,inf,inf,inf,inf,0.045454545454545456,2026-03-07 12:46:23.997221
0.7391304347826086,0.4722222222222222,0.0,-0.07812500000000029,0.0,0.0,0.0,inf,inf,inf,inf,0.043478260869565216,2026-03-07 12:46:23.998362
0.7083333333333334,0.4722222222222222,0.0,-0.07692307692307664,0.0,0.0,0.0,inf,inf,inf,inf,0.041666666666666664,2026-03-07 12:46:24.000626
0.72,0.47368421052631576,0.0,-0.07361963190184091,0.0,0.0,0.0,inf,inf,inf,inf,0.04,2026-03-07 12:46:24.001660
0.7307692307692307,0.475,0.0,-0.07058823529411849,0.0,0.0,0.0,inf,inf,inf,inf,0.038461538461538464,2026-03-07 12:46:24.002696
0.7037037037037037,0.475,0.0,-0.06930693069306912,0.0,0.0,0.0,inf,inf,inf,inf,0.037037037037037035,2026-03-07 12:46:24.005201
0.6785714285714286,0.475,0.0,-0.06779661016949161,0.0,0.0,0.0,inf,inf,inf,inf,0.03571428571428571,2026-03-07 12:46:24.006331
0.6896551724137931,0.47619047619047616,0.0,-0.06530612244897954,0.0,0.0,0.0,inf,inf,inf,inf,0.034482758620689655,2026-03-07 12:46:24.007846
0.6666666666666666,0.47619047619047616,0.0,-0.0638297872340426,0.0,0.0,0.0,inf,inf,inf,inf,0.03333333333333333,2026-03-07 12:46:24.009031
0.6774193548387096,0.4772727272727273,0.0,-0.0616438356164385,0.0,0.0,0.0,inf,inf,inf,inf,0.03225806451612903,2026-03-07 12:46:24.010065
0.6875,0.4782608695652174,0.0,-0.059602649006622516,0.0,0.0,0.0,inf,inf,inf,inf,0.03125,2026-03-07 12:46:24.011030
0.6666666666666666,0.4782608695652174,0.0,-0.058309037900875126,0.0,0.0,0.0,inf,inf,inf,inf,0.030303030303030304,2026-03-07 12:46:24.012027
0.6470588235294118,0.4782608695652174,0.0,-0.05699481865284962,0.0,0.0,0.0,inf,inf,inf,inf,0.029411764705882353,2026-03-07 12:46:24.013024
0.6571428571428571,0.4791666666666667,0.0,-0.055276381909547714,0.0,0.0,0.0,inf,inf,inf,inf,0.02857142857142857,2026-03-07 12:46:24.015019
0.6666666666666666,0.48,0.0,-0.05365853658536573,0.0,0.0,0.0,inf,inf,inf,inf,0.027777777777777776,2026-03-07 12:46:24.016016
0.6756756756756757,0.4807692307692308,0.0,-0.052132701421801306,0.0,0.0,0.0,inf,inf,inf,inf,0.02702702702702703,2026-03-07 12:46:24.017517
0.6842105263157895,0.48148148148148145,0.0,-0.05069124423963122,0.0,0.0,0.0,inf,inf,inf,inf,0.02631578947368421,2026-03-07 12:46:24.018516
0.6923076923076923,0.48214285714285715,0.0,-0.04932735426008968,0.0,0.0,0.0,inf,inf,inf,inf,0.02564102564102564,2026-03-07 12:46:24.021030
0.7,0.4827586206896552,0.0,-0.048034934497816324,0.0,0.0,0.0,inf,inf,inf,inf,0.025,2026-03-07 12:46:24.022272
0.7073170731707317,0.48333333333333334,0.0,-0.04680851063829767,0.0,0.0,0.0,inf,inf,inf,inf,0.024390243902439025,2026-03-07 12:46:24.024344
0.7142857142857143,0.4838709677419355,0.0,-0.04564315352697115,0.0,0.0,0.0,inf,inf,inf,inf,0.023809523809523808,2026-03-07 12:46:24.025368
0.7209302325581395,0.484375,0.0,-0.0445344129554657,0.0,0.0,0.0,inf,inf,inf,inf,0.023255813953488372,2026-03-07 12:46:24.027294
0.7272727272727273,0.48484848484848486,0.0,-0.04347826086956518,0.0,0.0,0.0,inf,inf,inf,inf,0.022727272727272728,2026-03-07 12:46:24.028308
0.7333333333333333,0.4852941176470588,0.0,-0.0424710424710425,0.0,0.0,0.0,inf,inf,inf,inf,0.022222222222222223,2026-03-07 12:46:24.029683
0.7391304347826086,0.4857142857142857,0.0,-0.04150943396226456,0.0,0.0,0.0,inf,inf,inf,inf,0.021739130434782608,2026-03-07 12:46:24.032154
0.723404255319149,0.4857142857142857,0.0,-0.040885860306643824,0.0,0.0,0.0,inf,inf,inf,inf,0.02127659574468085,2026-03-07 12:46:24.033190
0.7291666666666666,0.4861111111111111,0.0,-0.04000000000000029,0.0,0.0,0.0,inf,inf,inf,inf,0.020833333333333332,2026-03-07 12:46:24.034226
0.7142857142857143,0.4861111111111111,0.0,-0.0393939393939391,0.0,0.0,0.0,inf,inf,inf,inf,0.02040816326530612,2026-03-07 12:46:24.036296
0.7,0.4861111111111111,0.0,-0.0387811634349034,0.0,0.0,0.0,inf,inf,inf,inf,0.02,2026-03-07 12:46:24.037831
0.7058823529411765,0.4864864864864865,0.0,-0.037991858887381116,0.0,0.0,0.0,inf,inf,inf,inf,0.0196078431372549,2026-03-07 12:46:24.038834
0.7115384615384616,0.4868421052631579,0.0,-0.03723404255319107,0.0,0.0,0.0,inf,inf,inf,inf,0.019230769230769232,2026-03-07 12:46:24.041032
0.7169811320754716,0.48717948717948717,0.0,-0.03650586701434156,0.0,0.0,0.0,inf,inf,inf,inf,0.018867924528301886,2026-03-07 12:46:24.042926
0.7222222222222222,0.4875,0.0,-0.03580562659846516,0.0,0.0,0.0,inf,inf,inf,inf,0.018518518518518517,2026-03-07 12:46:24.044046
0.7272727272727273,0.4878048780487805,0.0,-0.03513174404015017,0.0,0.0,0.0,inf,inf,inf,inf,0.01818181818181818,2026-03-07 12:46:24.046117
0.7321428571428571,0.4880952380952381,0.0,-0.03448275862068952,0.0,0.0,0.0,inf,inf,inf,inf,0.017857142857142856,2026-03-07 12:46:24.047656
0.7368421052631579,0.4883720930232558,0.0,-0.03385731559854863,0.0,0.0,0.0,inf,inf,inf,inf,0.017543859649122806,2026-03-07 12:46:24.048691
0.7241379310344828,0.4883720930232558,0.0,-0.03340757238307382,0.0,0.0,0.0,inf,inf,inf,inf,0.017241379310344827,2026-03-07 12:46:24.050761
0.711864406779661,0.4883720930232558,0.0,-0.03295571575695154,0.0,0.0,0.0,inf,inf,inf,inf,0.01694915254237288,2026-03-07 12:46:24.051798
0.7166666666666667,0.48863636363636365,0.0,-0.032388663967611135,0.0,0.0,0.0,inf,inf,inf,inf,0.016666666666666666,2026-03-07 12:46:24.053869
0.7213114754098361,0.4888888888888889,0.0,-0.03184079601990012,0.0,0.0,0.0,inf,inf,inf,inf,0.01639344262295082,2026-03-07 12:46:24.055137
0.7258064516129032,0.4891304347826087,0.0,-0.031311154598825525,0.0,0.0,0.0,inf,inf,inf,inf,0.016129032258064516,2026-03-07 12:46:24.057784
0.7142857142857143,0.4891304347826087,0.0,-0.03090909090909032,0.0,0.0,0.0,inf,inf,inf,inf,0.015873015873015872,2026-03-07 12:46:24.059852
0.703125,0.4891304347826087,0.0,-0.030508474576271188,0.0,0.0,0.0,inf,inf,inf,inf,0.015625,2026-03-07 12:46:24.060888
0.6923076923076923,0.4891304347826087,0.0,-0.03011093502377193,0.0,0.0,0.0,inf,inf,inf,inf,0.015384615384615385,2026-03-07 12:46:24.063094
0.696969696969697,0.48936170212765956,0.0,-0.029641185647425888,0.0,0.0,0.0,inf,inf,inf,inf,0.015151515151515152,2026-03-07 12:46:24.066202
0.7014925373134329,0.4895833333333333,0.0,-0.02918586789554495,0.0,0.0,0.0,inf,inf,inf,inf,0.014925373134328358,2026-03-07 12:46:24.070275
0.7058823529411765,0.4897959183673469,0.0,-0.02874432677760944,0.0,0.0,0.0,inf,inf,inf,inf,0.014705882352941176,2026-03-07 12:46:24.073530
0.7101449275362319,0.49,0.0,-0.028315946348733155,0.0,0.0,0.0,inf,inf,inf,inf,0.014492753623188406,2026-03-07 12:46:24.077043
0.7142857142857143,0.49019607843137253,0.0,-0.027900146842878056,0.0,0.0,0.0,inf,inf,inf,inf,0.014285714285714285,2026-03-07 12:46:24.080666
0.7183098591549296,0.49038461538461536,0.0,-0.027496382054992555,0.0,0.0,0.0,inf,inf,inf,inf,0.014084507042253521,2026-03-07 12:46:24.084677
0.7222222222222222,0.49056603773584906,0.0,-0.02710413694721891,0.0,0.0,0.0,inf,inf,inf,inf,0.013888888888888888,2026-03-07 12:46:24.088220
0.726027397260274,0.49074074074074076,0.0,-0.026722925457102274,0.0,0.0,0.0,inf,inf,inf,inf,0.0136986301369863,2026-03-07 12:46:24.092211
0.7297297297297297,0.4909090909090909,0.0,-0.02635228848821117,0.0,0.0,0.0,inf,inf,inf,inf,0.013513513513513514,2026-03-07 12:46:24.096200
0.7333333333333333,0.49107142857142855,0.0,-0.025991792065664186,0.0,0.0,0.0,inf,inf,inf,inf,0.013333333333333334,2026-03-07 12:46:24.101090
0.7368421052631579,0.49122807017543857,0.0,-0.025641025641025498,0.0,0.0,0.0,inf,inf,inf,inf,0.013157894736842105,2026-03-07 12:46:24.105084
0.7272727272727273,0.4827586206896552,0.0,-0.049318624269954994,0.0,0.0,0.0,inf,inf,inf,inf,0.025974025974025976,2026-03-07 12:46:24.109685
0.7307692307692307,0.4830508474576271,0.0,-0.048655569782330294,0.0,0.0,0.0,inf,inf,inf,inf,0.02564102564102564,2026-03-07 12:46:24.112100
0.7341772151898734,0.48333333333333334,0.0,-0.048010107391029316,0.0,0.0,0.0,inf,inf,inf,inf,0.02531645569620253,2026-03-07 12:46:24.115110
0.725,0.48333333333333334,0.0,-0.047619047619047436,0.0,0.0,0.0,inf,inf,inf,inf,0.025,2026-03-07 12:46:24.117618
0.7283950617283951,0.48360655737704916,0.0,-0.04700352526439487,0.0,0.0,0.0,inf,inf,inf,inf,0.024691358024691357,2026-03-07 12:46:24.119745
0.7317073170731707,0.4838709677419355,0.0,-0.04640371229698389,0.0,0.0,0.0,inf,inf,inf,inf,0.024390243902439025,2026-03-07 12:46:24.122872
0.7349397590361446,0.48412698412698413,0.0,-0.04581901489118003,0.0,0.0,0.0,inf,inf,inf,inf,0.024096385542168676,2026-03-07 12:46:24.124879
0.7380952380952381,0.484375,0.0,-0.04524886877828045,0.0,0.0,0.0,inf,inf,inf,inf,0.023809523809523808,2026-03-07 12:46:24.127389
0.7411764705882353,0.4846153846153846,0.0,-0.04469273743016691,0.0,0.0,0.0,inf,inf,inf,inf,0.023529411764705882,2026-03-07 12:46:24.130435
0.7441860465116279,0.48484848484848486,0.0,-0.044150110375275886,0.0,0.0,0.0,inf,inf,inf,inf,0.023255813953488372,2026-03-07 12:46:24.133541
0.7471264367816092,0.48507462686567165,0.0,-0.043620501635768666,0.0,0.0,0.0,inf,inf,inf,inf,0.022988505747126436,2026-03-07 12:46:24.135534
0.75,0.4852941176470588,0.0,-0.043103448275861676,0.0,0.0,0.0,inf,inf,inf,inf,0.022727272727272728,2026-03-07 12:46:24.139081
0.7415730337078652,0.4852941176470588,0.0,-0.042791645440652004,0.0,0.0,0.0,inf,inf,inf,inf,0.02247191011235955,2026-03-07 12:46:24.142075
0.7333333333333333,0.4852941176470588,0.0,-0.0424710424710425,0.0,0.0,0.0,inf,inf,inf,inf,0.022222222222222223,2026-03-07 12:46:24.145574
0.7362637362637363,0.4855072463768116,0.0,-0.04198473282442683,0.0,0.0,0.0,inf,inf,inf,inf,0.02197802197802198,2026-03-07 12:46:24.148236
0.7391304347826086,0.4857142857142857,0.0,-0.04150943396226456,0.0,0.0,0.0,inf,inf,inf,inf,0.021739130434782608,2026-03-07 12:46:24.151235
0.7419354838709677,0.4859154929577465,0.0,-0.04104477611940279,0.0,0.0,0.0,inf,inf,inf,inf,0.021505376344086023,2026-03-07 12:46:24.154230
0.7340425531914894,0.4859154929577465,0.0,-0.040744021257750486,0.0,0.0,0.0,inf,inf,inf,inf,0.02127659574468085,2026-03-07 12:46:24.157341
0.7368421052631579,0.4861111111111111,0.0,-0.04029785370127064,0.0,0.0,0.0,inf,inf,inf,inf,0.021052631578947368,2026-03-07 12:46:24.159909
0.7395833333333334,0.4863013698630137,0.0,-0.0398613518197567,0.0,0.0,0.0,inf,inf,inf,inf,0.020833333333333332,2026-03-07 12:46:24.162919
0.7422680412371134,0.4864864864864865,0.0,-0.03943420488641221,0.0,0.0,0.0,inf,inf,inf,inf,0.020618556701030927,2026-03-07 12:46:24.166123
0.7346938775510204,0.4864864864864865,0.0,-0.0391517128874384,0.0,0.0,0.0,inf,inf,inf,inf,0.02040816326530612,2026-03-07 12:46:24.169267
0.7373737373737373,0.4866666666666667,0.0,-0.0387409200968522,0.0,0.0,0.0,inf,inf,inf,inf,0.020202020202020204,2026-03-07 12:46:24.171514
0.73,0.4866666666666667,0.0,-0.03846153846153849,0.0,0.0,0.0,inf,inf,inf,inf,0.02,2026-03-07 12:46:24.173584
0.7326732673267327,0.4868421052631579,0.0,-0.038066235249334036,0.0,0.0,0.0,inf,inf,inf,inf,0.019801980198019802,2026-03-07 12:46:25.854282
0.7254901960784313,0.4805194805194805,0.0,-0.05543237250554308,0.0,0.0,0.0,inf,inf,inf,inf,0.0196078431372549,2026-03-07 12:46:25.856941
0.7184466019417476,0.4805194805194805,0.0,-0.05510420346167398,0.0,0.0,0.0,inf,inf,inf,inf,0.019417475728155338,2026-03-07 12:46:25.860053
0.7115384615384616,0.47435897435897434,0.0,-0.07142857142857116,0.0,0.0,0.0,inf,inf,inf,inf,0.019230769230769232,2026-03-07 12:46:25.862061
0.7142857142857143,0.47468354430379744,0.0,-0.07070020394289621,0.0,0.0,0.0,inf,inf,inf,inf,0.01904761904761905,2026-03-07 12:46:25.866152
0.7169811320754716,0.475,0.0,-0.06998654104979825,0.0,0.0,0.0,inf,inf,inf,inf,0.018867924528301886,2026-03-07 12:46:25.869664
0.719626168224299,0.47530864197530864,0.0,-0.06928714190539668,0.0,0.0,0.0,inf,inf,inf,inf,0.018691588785046728,2026-03-07 12:46:25.872950
0.7222222222222222,0.47560975609756095,0.0,-0.06860158311345689,0.0,0.0,0.0,inf,inf,inf,inf,0.018518518518518517,2026-03-07 12:46:25.876145
0.7247706422018348,0.4759036144578313,0.0,-0.06792945787067274,0.0,0.0,0.0,inf,inf,inf,inf,0.01834862385321101,2026-03-07 12:46:25.880121
0.7272727272727273,0.47619047619047616,0.0,-0.06727037516170752,0.0,0.0,0.0,inf,inf,inf,inf,0.01818181818181818,2026-03-07 12:46:25.882199
0.7297297297297297,0.4764705882352941,0.0,-0.06662395900064062,0.0,0.0,0.0,inf,inf,inf,inf,0.018018018018018018,2026-03-07 12:46:25.885308
0.7321428571428571,0.47674418604651164,0.0,-0.06598984771573652,0.0,0.0,0.0,inf,inf,inf,inf,0.017857142857142856,2026-03-07 12:46:25.890027
0.7345132743362832,0.47701149425287354,0.0,-0.06536769327466929,0.0,0.0,0.0,inf,inf,inf,inf,0.017699115044247787,2026-03-07 12:46:25.895248
0.7368421052631579,0.4772727272727273,0.0,-0.06475716064757189,0.0,0.0,0.0,inf,inf,inf,inf,0.017543859649122806,2026-03-07 12:46:25.901003
0.7391304347826086,0.47752808988764045,0.0,-0.0641579272054283,0.0,0.0,0.0,inf,inf,inf,inf,0.017391304347826087,2026-03-07 12:46:25.906439
0.7413793103448276,0.4777777777777778,0.0,-0.06356968215158962,0.0,0.0,0.0,inf,inf,inf,inf,0.017241379310344827,2026-03-07 12:46:25.909058
0.7435897435897436,0.47802197802197804,0.0,-0.06299212598425152,0.0,0.0,0.0,inf,inf,inf,inf,0.017094017094017096,2026-03-07 12:46:25.913200
0.7457627118644068,0.4782608695652174,0.0,-0.062424969987994905,0.0,0.0,0.0,inf,inf,inf,inf,0.01694915254237288,2026-03-07 12:46:25.916330
0.7478991596638656,0.478494623655914,0.0,-0.06186793575252801,0.0,0.0,0.0,inf,inf,inf,inf,0.01680672268907563,2026-03-07 12:46:25.920543
0.75,0.4787234042553192,0.0,-0.0613207547169813,0.0,0.0,0.0,inf,inf,inf,inf,0.016666666666666666,2026-03-07 12:46:25.924849
0.7520661157024794,0.4789473684210526,0.0,-0.06078316773816455,0.0,0.0,0.0,inf,inf,inf,inf,0.01652892561983471,2026-03-07 12:46:25.931860
0.7459016393442623,0.4739583333333333,0.0,-0.07382169222032864,0.0,0.0,0.0,inf,inf,inf,inf,0.02459016393442623,2026-03-07 12:46:25.938545
0.7479674796747967,0.4742268041237113,0.0,-0.07317759639741016,0.0,0.0,0.0,inf,inf,inf,inf,0.024390243902439025,2026-03-07 12:46:25.945460
0.75,0.4744897959183674,0.0,-0.07254464285714282,0.0,0.0,0.0,inf,inf,inf,inf,0.024193548387096774,2026-03-07 12:46:25.951116
0.744,0.4744897959183674,0.0,-0.07238605898123307,0.0,0.0,0.0,inf,inf,inf,inf,0.024,2026-03-07 12:46:25.955069
0.746031746031746,0.47474747474747475,0.0,-0.07177033492822925,0.0,0.0,0.0,inf,inf,inf,inf,0.023809523809523808,2026-03-07 12:46:25.960564
0.7480314960629921,0.475,0.0,-0.07116499736425917,0.0,0.0,0.0,inf,inf,inf,inf,0.023622047244094488,2026-03-07 12:46:25.964553
0.7421875,0.475,0.0,-0.07099391480730223,0.0,0.0,0.0,inf,inf,inf,inf,0.0234375,2026-03-07 12:46:25.972133
0.7364341085271318,0.475,0.0,-0.07080078125000072,0.0,0.0,0.0,inf,inf,inf,inf,0.023255813953488372,2026-03-07 12:46:25.979621
0.7307692307692307,0.475,0.0,-0.07058823529411849,0.0,0.0,0.0,inf,inf,inf,inf,0.023076923076923078,2026-03-07 12:46:25.984610
0.732824427480916,0.4752475247524752,0.0,-0.07001166861143503,0.0,0.0,0.0,inf,inf,inf,inf,0.022900763358778626,2026-03-07 12:46:25.989161
0.7348484848484849,0.47549019607843135,0.0,-0.06944444444444411,0.0,0.0,0.0,inf,inf,inf,inf,0.022727272727272728,2026-03-07 12:46:25.994526
0.7368421052631579,0.47572815533980584,0.0,-0.06888633754305404,0.0,0.0,0.0,inf,inf,inf,inf,0.022556390977443608,2026-03-07 12:46:25.998151
0.7388059701492538,0.47596153846153844,0.0,-0.068337129840547,0.0,0.0,0.0,inf,inf,inf,inf,0.022388059701492536,2026-03-07 12:46:26.002110
0.7407407407407407,0.47619047619047616,0.0,-0.06779661016949118,0.0,0.0,0.0,inf,inf,inf,inf,0.022222222222222223,2026-03-07 12:46:26.007096
0.7426470588235294,0.47641509433962265,0.0,-0.06726457399103108,0.0,0.0,0.0,inf,inf,inf,inf,0.022058823529411766,2026-03-07 12:46:26.011592
0.7445255474452555,0.4766355140186916,0.0,-0.06674082313681916,0.0,0.0,0.0,inf,inf,inf,inf,0.021897810218978103,2026-03-07 12:46:26.015581
0.7391304347826086,0.4766355140186916,0.0,-0.06655216831258047,0.0,0.0,0.0,inf,inf,inf,inf,0.021739130434782608,2026-03-07 12:46:26.021124
0.7338129496402878,0.4766355140186916,0.0,-0.06634874559402847,0.0,0.0,0.0,inf,inf,inf,inf,0.02158273381294964,2026-03-07 12:46:26.027108
0.7357142857142858,0.47685185185185186,0.0,-0.06584362139917685,0.0,0.0,0.0,inf,inf,inf,inf,0.02142857142857143,2026-03-07 12:46:26.031605
0.7375886524822695,0.47706422018348627,0.0,-0.0653461302838473,0.0,0.0,0.0,inf,inf,inf,inf,0.02127659574468085,2026-03-07 12:46:26.037100
0.7394366197183099,0.4772727272727273,0.0,-0.06485610052695596,0.0,0.0,0.0,inf,inf,inf,inf,0.02112676056338028,2026-03-07 12:46:26.044407
0.7412587412587412,0.4774774774774775,0.0,-0.0643733655200157,0.0,0.0,0.0,inf,inf,inf,inf,0.02097902097902098,2026-03-07 12:46:26.048162
0.7430555555555556,0.47767857142857145,0.0,-0.06389776357827506,0.0,0.0,0.0,inf,inf,inf,inf,0.020833333333333332,2026-03-07 12:46:26.053164
0.7448275862068966,0.4778761061946903,0.0,-0.06342913776015892,0.0,0.0,0.0,inf,inf,inf,inf,0.020689655172413793,2026-03-07 12:46:26.057668
0.7397260273972602,0.4778761061946903,0.0,-0.06324262169413568,0.0,0.0,0.0,inf,inf,inf,inf,0.02054794520547945,2026-03-07 12:46:26.062668
0.7346938775510204,0.4778761061946903,0.0,-0.06304468755794476,0.0,0.0,0.0,inf,inf,inf,inf,0.02040816326530612,2026-03-07 12:46:26.067165
0.7364864864864865,0.4780701754385965,0.0,-0.06259204712812944,0.0,0.0,0.0,inf,inf,inf,inf,0.02027027027027027,2026-03-07 12:46:26.072197
0.738255033557047,0.4782608695652174,0.0,-0.062145859989033214,0.0,0.0,0.0,inf,inf,inf,inf,0.020134228187919462,2026-03-07 12:46:26.079256
0.7333333333333333,0.4782608695652174,0.0,-0.061946902654867665,0.0,0.0,0.0,inf,inf,inf,inf,0.02,2026-03-07 12:46:26.083263
0.7350993377483444,0.47844827586206895,0.0,-0.061511423550088026,0.0,0.0,0.0,inf,inf,inf,inf,0.019867549668874173,2026-03-07 12:46:26.088294
0.7368421052631579,0.47863247863247865,0.0,-0.06108202443281,0.0,0.0,0.0,inf,inf,inf,inf,0.019736842105263157,2026-03-07 12:46:26.169374
0.7320261437908496,0.47863247863247865,0.0,-0.06088280060882826,0.0,0.0,0.0,inf,inf,inf,inf,0.0196078431372549,2026-03-07 12:46:26.175596
0.7272727272727273,0.47863247863247865,0.0,-0.06067563135454241,0.0,0.0,0.0,inf,inf,inf,inf,0.01948051948051948,2026-03-07 12:46:26.183467
0.7290322580645161,0.4788135593220339,0.0,-0.060260586319218455,0.0,0.0,0.0,inf,inf,inf,inf,0.01935483870967742,2026-03-07 12:46:26.192403
0.7307692307692307,0.4789915966386555,0.0,-0.05985118084762225,0.0,0.0,0.0,inf,inf,inf,inf,0.019230769230769232,2026-03-07 12:46:26.198129
0.732484076433121,0.4791666666666667,0.0,-0.05944730077120859,0.0,0.0,0.0,inf,inf,inf,inf,0.01910828025477707,2026-03-07 12:46:26.205879
0.7341772151898734,0.4923245614035088,0.02631578947368421,-0.021551724137931536,0.16666666666666666,0.1588058507915059,0.045454545454545456,inf,inf,inf,inf,0.0189873417721519,2026-03-07 12:46:26.212674
0.7358490566037735,0.4924967377120487,0.02631578947368421,-0.021100917431192728,0.16666666666666666,0.15883437964304148,0.045454545454545456,inf,inf,inf,inf,0.018867924528301886,2026-03-07 12:46:26.220602
0.7375,0.49266609145815354,0.02631578947368421,-0.020656136087484588,0.16666666666666666,0.15886243581050863,0.045454545454545456,inf,inf,inf,inf,0.01875,2026-03-07 12:46:26.227639
0.7391304347826086,0.5051492223623371,0.05128205128205128,0.014285714285714004,0.2857142857142857,0.22176638128637183,0.08695652173913043,inf,inf,inf,inf,0.018633540372670808,2026-03-07 12:46:26.235300
0.7345679012345679,0.5045081967213114,0.05,0.012475191380776796,0.2857142857142857,0.21897675600878544,0.0851063829787234,inf,inf,inf,inf,0.024691358024691357,2026-03-07 12:46:26.242789
0.7361963190184049,0.5046747967479674,0.05,0.012955921701168611,0.2857142857142857,0.2190147932784376,0.0851063829787234,inf,inf,inf,inf,0.024539877300613498,2026-03-07 12:46:26.250348
0.7378048780487805,0.5048387096774194,0.05,0.013430330162283026,0.2857142857142857,0.21905221059770646,0.0851063829787234,inf,inf,inf,inf,0.024390243902439025,2026-03-07 12:46:26.259171
0.7393939393939394,0.505,0.05,0.013898540653231687,0.2857142857142857,0.21908902300206645,0.0851063829787234,inf,inf,inf,inf,0.024242424242424242,2026-03-07 12:46:28.797103
0.7409638554216867,0.5051587301587301,0.05,0.014360673847003791,0.2857142857142857,0.21912524504463884,0.0851063829787234,inf,inf,inf,inf,0.024096385542168676,2026-03-07 12:46:28.807204
0.7425149700598802,0.5053149606299212,0.05,0.014816847304156586,0.2857142857142857,0.21916089081538276,0.0851063829787234,inf,inf,inf,inf,0.023952095808383235,2026-03-07 12:46:28.809826
0.7440476190476191,0.50546875,0.05,0.015267175572519453,0.2857142857142857,0.21919597395937726,0.0851063829787234,inf,inf,inf,inf,0.023809523809523808,2026-03-07 12:46:28.817211
0.7396449704142012,0.5017441860465116,0.05,0.004817987152034273,0.25,0.2183447242427698,0.08333333333333334,inf,inf,inf,inf,0.023668639053254437,2026-03-07 12:46:28.817211
0.7411764705882353,0.5019230769230769,0.05,0.005319148936170719,0.25,0.21838568563966754,0.08333333333333334,inf,inf,inf,inf,0.023529411764705882,2026-03-07 12:46:28.825561
0.7426900584795322,0.5020992366412214,0.05,0.005813953488372227,0.25,0.21842601416525947,0.08333333333333334,inf,inf,inf,inf,0.023391812865497075,2026-03-07 12:46:28.827104
0.7441860465116279,0.5022727272727273,0.05,0.006302521008403183,0.25,0.21846572437632578,0.08333333333333334,inf,inf,inf,inf,0.023255813953488372,2026-03-07 12:46:28.827104
0.7456647398843931,0.5024436090225564,0.05,0.006784968684759973,0.25,0.21850483038655152,0.08333333333333334,inf,inf,inf,inf,0.023121387283236993,2026-03-07 12:46:28.837010
0.7471264367816092,0.5026119402985074,0.05,0.007261410788382325,0.25,0.21854334588326121,0.08333333333333334,inf,inf,inf,inf,0.022988505747126436,2026-03-07 12:46:28.841622
0.7485714285714286,0.5027777777777778,0.05,0.00773195876288608,0.25,0.21858128414340006,0.08333333333333334,inf,inf,inf,inf,0.022857142857142857,2026-03-07 12:46:28.847129
0.75,0.5029411764705882,0.05,0.008196721311475164,0.25,0.21861865804880154,0.08333333333333334,inf,inf,inf,inf,0.022727272727272728,2026-03-07 12:46:28.847129
0.751412429378531,0.503102189781022,0.05,0.00865580448065182,0.25,0.21865548010077906,0.08333333333333334,inf,inf,inf,inf,0.022598870056497175,2026-03-07 12:46:28.857316
0.7528089887640449,0.5032608695652174,0.05,0.009109311740890327,0.25,0.21869176243407468,0.08333333333333334,inf,inf,inf,inf,0.02247191011235955,2026-03-07 12:46:28.857316
0.7541899441340782,0.5034172661870504,0.05,0.00955734406438629,0.25,0.21872751683019914,0.08333333333333334,inf,inf,inf,inf,0.0223463687150838,2026-03-07 12:46:28.867066
0.7555555555555555,0.5035714285714286,0.05,0.009999999999999865,0.25,0.21876275473019366,0.08333333333333334,inf,inf,inf,inf,0.022222222222222223,2026-03-07 12:46:28.869086
0.7569060773480663,0.5037234042553191,0.05,0.010437375745526327,0.25,0.21879748724684187,0.08333333333333334,inf,inf,inf,inf,0.022099447513812154,2026-03-07 12:46:28.877003
0.7582417582417582,0.5038732394366197,0.05,0.010869565217391028,0.25,0.21883172517636004,0.08333333333333334,inf,inf,inf,inf,0.02197802197802198,2026-03-07 12:46:28.877003
0.7595628415300546,0.504020979020979,0.05,0.011296660117877985,0.25,0.21886547900959144,0.08333333333333334,inf,inf,inf,inf,0.02185792349726776,2026-03-07 12:46:28.887184
0.7608695652173914,0.5156063448746375,0.07317073170731707,0.043252186244387154,0.3333333333333333,0.26476523766582505,0.12,inf,inf,inf,inf,0.02717391304347826,2026-03-07 12:46:28.889236
0.7621621621621621,0.5157520325203252,0.07317073170731707,0.04370300751879658,0.3333333333333333,0.26480549695863975,0.12,inf,inf,inf,inf,0.02702702702702703,2026-03-07 12:46:28.897255
0.7634408602150538,0.5158957106812447,0.07317073170731707,0.04414856341976166,0.3333333333333333,0.2648451949570576,0.12,inf,inf,inf,inf,0.026881720430107527,2026-03-07 12:46:28.905219
0.7647058823529411,0.516037420648179,0.07317073170731707,0.044588945657221754,0.3333333333333333,0.26488434331946364,0.12,inf,inf,inf,inf,0.026737967914438502,2026-03-07 12:46:28.909765
0.7659574468085106,0.5161772025883524,0.07317073170731707,0.04502424382359721,0.3333333333333333,0.264922953383559,0.12,inf,inf,inf,inf,0.026595744680851064,2026-03-07 12:46:28.915518
0.7671957671957672,0.5163150955833883,0.07317073170731707,0.045454545454545824,0.3333333333333333,0.26496103617731337,0.12,inf,inf,inf,inf,0.026455026455026454,2026-03-07 12:46:28.921695
0.7684210526315789,0.516451137665739,0.07317073170731707,0.04587993608765083,0.3333333333333333,0.2649986024294708,0.12,inf,inf,inf,inf,0.02631578947368421,2026-03-07 12:46:28.925725
0.7696335078534031,0.5274848194311281,0.09523809523809523,0.07567091948966152,0.4,0.30232929754604004,0.15384615384615385,inf,inf,inf,inf,0.02617801047120419,2026-03-07 12:46:28.931279
0.7708333333333334,0.5276190476190477,0.09523809523809523,0.07611548556430503,0.4,0.30237157840738177,0.15384615384615385,inf,inf,inf,inf,0.026041666666666668,2026-03-07 12:46:28.937759
0.772020725388601,0.5277514979501734,0.09523809523809523,0.07655502392344474,0.4,0.30241329346288925,0.15384615384615385,inf,inf,inf,inf,0.025906735751295335,2026-03-07 12:46:28.943746
0.7680412371134021,0.5266440782381026,0.09302325581395349,0.07344512842284052,0.4,0.29887617419838813,0.1509433962264151,inf,inf,inf,inf,0.02577319587628866,2026-03-07 12:46:28.948285
0.764102564102564,0.5255869957856713,0.09090909090909091,0.07046632124352285,0.4,0.2954603343109084,0.14814814814814814,inf,inf,inf,inf,0.02564102564102564,2026-03-07 12:46:28.954270
0.7653061224489796,0.5257177033492823,0.09090909090909091,0.0708985985160756,0.4,0.2955005484981025,0.14814814814814814,inf,inf,inf,inf,0.025510204081632654,2026-03-07 12:46:28.959762
0.766497461928934,0.5258467023172906,0.09090909090909091,0.07132609141217464,0.4,0.2955402316445243,0.14814814814814814,inf,inf,inf,inf,0.025380710659898477,2026-03-07 12:46:28.965748
0.7676767676767676,0.525974025974026,0.09090909090909091,0.07174887892376691,0.4,0.29557939420106605,0.14814814814814814,inf,inf,inf,inf,0.025252525252525252,2026-03-07 12:46:28.971305
0.7688442211055276,0.5260997067448681,0.09090909090909091,0.07216703831339903,0.4,0.2956180463461478,0.14814814814814814,inf,inf,inf,inf,0.02512562814070352,2026-03-07 12:46:28.977792
0.77,0.5262237762237763,0.09090909090909091,0.07258064516129038,0.4,0.2956561979945413,0.14814814814814814,inf,inf,inf,inf,0.025,2026-03-07 12:46:28.983779
0.7711442786069652,0.5263462651997683,0.09090909090909091,0.07298977341086857,0.4,0.29569385880585186,0.14814814814814814,inf,inf,inf,inf,0.024875621890547265,2026-03-07 12:46:28.990312
0.7722772277227723,0.5264672036823935,0.09090909090909091,0.07339449541284428,0.4,0.2957310381926757,0.14814814814814814,inf,inf,inf,inf,0.024752475247524754,2026-03-07 12:46:28.996296
0.7684729064039408,0.5254571026722925,0.08888888888888889,0.07053093034583535,0.4,0.2924266770709002,0.14545454545454545,inf,inf,inf,inf,0.024630541871921183,2026-03-07 12:46:29.003784
0.7696078431372549,0.5255765199161425,0.08888888888888889,0.07093023255813966,0.4,0.292462974058202,0.14545454545454545,inf,inf,inf,inf,0.024509803921568627,2026-03-07 12:46:29.011299
0.7707317073170732,0.5256944444444445,0.08888888888888889,0.07132530120481936,0.4,0.2924988129130707,0.14545454545454545,inf,inf,inf,inf,0.024390243902439025,2026-03-07 12:46:29.017785
0.7718446601941747,0.5355978260869565,0.10869565217391304,0.09767008387698033,0.45454545454545453,0.3234494786166633,0.1754385964912281,inf,inf,inf,inf,0.024271844660194174,2026-03-07 12:46:29.023772
0.7729468599033816,0.5357142857142857,0.10869565217391304,0.09808102345415738,0.45454545454545453,0.32348861267080214,0.1754385964912281,inf,inf,inf,inf,0.024154589371980676,2026-03-07 12:46:29.032308
0.7740384615384616,0.5358293075684379,0.10869565217391304,0.09848764293618611,0.45454545454545453,0.3235272589420912,0.1754385964912281,inf,inf,inf,inf,0.02403846153846154,2026-03-07 12:46:29.042788
0.7751196172248804,0.5359429181114964,0.10869565217391304,0.09889001009081795,0.45454545454545453,0.32356542649474473,0.1754385964912281,inf,inf,inf,inf,0.023923444976076555,2026-03-07 12:46:29.050301
0.7761904761904762,0.5454248792585824,0.1276595744680851,0.12360149174214176,0.5,0.35065716736941527,0.20338983050847456,inf,inf,inf,inf,0.023809523809523808,2026-03-07 12:46:30.767376
0.7772511848341233,0.5455371043072132,0.1276595744680851,0.1240173129582192,0.5,0.3506980214250543,0.20338983050847456,inf,inf,inf,inf,0.023696682464454975,2026-03-07 12:46:30.767376
0.7783018867924528,0.5456479690522243,0.1276595744680851,0.12442882249560659,0.5,0.35073837560750476,0.20338983050847456,inf,inf,inf,inf,0.02358490566037736,2026-03-07 12:46:30.767376
0.7793427230046949,0.545757498077416,0.1276595744680851,0.12483608707054833,0.5,0.35077823903612787,0.20338983050847456,inf,inf,inf,inf,0.023474178403755867,2026-03-07 12:46:30.777108
0.780373831775701,0.5458657153777552,0.1276595744680851,0.12523917202991822,0.5,0.350817620609783,0.20338983050847456,inf,inf,inf,inf,0.02336448598130841,2026-03-07 12:46:30.782009
0.7813953488372093,0.5459726443768997,0.1276595744680851,0.12563814138617305,0.5,0.35085652901345277,0.20338983050847456,inf,inf,inf,inf,0.023255813953488372,2026-03-07 12:46:30.786016
0.7824074074074074,0.5460783079441017,0.1276595744680851,0.12603305785123953,0.5,0.35089497272463077,0.20338983050847456,inf,inf,inf,inf,0.023148148148148147,2026-03-07 12:46:30.789039
0.783410138248848,0.5461827284105132,0.1276595744680851,0.12642398286937898,0.5,0.3509329600194816,0.20338983050847456,inf,inf,inf,inf,0.02304147465437788,2026-03-07 12:46:30.793048
0.7844036697247706,0.5462859275849198,0.1276595744680851,0.1268109766490537,0.5,0.3509704989787824,0.20338983050847456,inf,inf,inf,inf,0.022935779816513763,2026-03-07 12:46:30.797253
0.7853881278538812,0.5463879267689263,0.1276595744680851,0.1271940981938438,0.5,0.3510075974936557,0.20338983050847456,inf,inf,inf,inf,0.0228310502283105,2026-03-07 12:46:30.797253
0.7818181818181819,0.5450581395348837,0.125,0.12350597609561764,0.5,0.34733202398241503,0.2,inf,inf,inf,inf,0.022727272727272728,2026-03-07 12:46:30.797253
0.7828054298642534,0.5451589595375723,0.125,0.12388503468780948,0.5,0.3473683058144382,0.2,inf,inf,inf,inf,0.02262443438914027,2026-03-07 12:46:30.807150
0.7837837837837838,0.5452586206896552,0.125,0.12426035502958555,0.5,0.34740416688982567,0.2,inf,inf,inf,inf,0.02252252252252252,2026-03-07 12:46:30.812078
0.7847533632286996,0.5453571428571429,0.125,0.12463199214916575,0.5,0.34743961448615174,0.2,inf,inf,inf,inf,0.02242152466367713,2026-03-07 12:46:30.814081
0.7857142857142857,0.5454545454545454,0.125,0.1250000000000001,0.5,0.3474746557141058,0.2,inf,inf,inf,inf,0.022321428571428572,2026-03-07 12:46:30.817103
0.7866666666666666,0.5455508474576272,0.125,0.12536443148688017,0.5,0.34750929752224874,0.2,inf,inf,inf,inf,0.022222222222222223,2026-03-07 12:46:30.817103
0.7831858407079646,0.5442753372535455,0.12244897959183673,0.12180808881839784,0.5,0.3439450053777738,0.19672131147540983,inf,inf,inf,inf,0.022123893805309734,2026-03-07 12:46:30.828212
0.7841409691629956,0.5443705572116487,0.12244897959183673,0.12216873174966449,0.5,0.3439789032742123,0.19672131147540983,inf,inf,inf,inf,0.022026431718061675,2026-03-07 12:46:30.828212
0.7850877192982456,0.5444647132596055,0.12244897959183673,0.12252591894439224,0.5,0.34401241913878533,0.19672131147540983,inf,inf,inf,inf,0.021929824561403508,2026-03-07 12:46:30.837120
0.7816593886462883,0.5432402234636872,0.12,0.11909524542237235,0.5,0.34055492013959354,0.1935483870967742,inf,inf,inf,inf,0.021834061135371178,2026-03-07 12:46:30.842647
0.7782608695652173,0.5420637528754518,0.11764705882352941,0.11578471279963815,0.5,0.33719961742483606,0.19047619047619047,inf,inf,inf,inf,0.021739130434782608,2026-03-07 12:46:30.844154
0.7792207792207793,0.542156862745098,0.11764705882352941,0.11613774476704938,0.5,0.3372321013724501,0.19047619047619047,inf,inf,inf,inf,0.021645021645021644,2026-03-07 12:46:30.849701
0.7801724137931034,0.5422489437764055,0.11764705882352941,0.11648745519713238,0.5,0.3372642233043582,0.19047619047619047,inf,inf,inf,inf,0.021551724137931036,2026-03-07 12:46:30.849701
0.776824034334764,0.5411177220569485,0.11538461538461539,0.11329039812646349,0.5,0.3340055553538367,0.1875,inf,inf,inf,inf,0.02145922746781116,2026-03-07 12:46:30.860083
0.7777777777777778,0.5412087912087912,0.11538461538461539,0.11363636363636355,0.5,0.3340370143641904,0.1875,inf,inf,inf,inf,0.021367521367521368,2026-03-07 12:46:30.864091
0.7787234042553192,0.5412988650693569,0.11538461538461539,0.11397911832946607,0.5,0.33406812664613417,0.1875,inf,inf,inf,inf,0.02127659574468085,2026-03-07 12:46:30.867102
0.7796610169491526,0.5413879598662207,0.11538461538461539,0.11431870669745947,0.5,0.33409889790089903,0.1875,inf,inf,inf,inf,0.0211864406779661,2026-03-07 12:46:30.867102
0.7805907172995781,0.5414760914760914,0.11538461538461539,0.1146551724137934,0.5,0.33412933370539566,0.1875,inf,inf,inf,inf,0.02109704641350211,2026-03-07 12:46:30.877315
0.7815126050420168,0.5415632754342432,0.11538461538461539,0.1149885583524032,0.5,0.3341594395155848,0.1875,inf,inf,inf,inf,0.02100840336134454,2026-03-07 12:46:30.881369
0.7824267782426778,0.5499087035909921,0.1320754716981132,0.13670464017782696,0.5384615384615384,0.35751219924791,0.2121212121212121,inf,inf,inf,inf,0.02092050209205021,2026-03-07 12:46:30.887377
0.7833333333333333,0.5499949551003935,0.1320754716981132,0.13704881759092774,0.5384615384615384,0.3575440616604547,0.2121212121212121,inf,inf,inf,inf,0.020833333333333332,2026-03-07 12:46:30.891428
0.7842323651452282,0.550080289040546,0.1320754716981132,0.13738986784141002,0.5384615384615384,0.3575755823171516,0.2121212121212121,inf,inf,inf,inf,0.02074688796680498,2026-03-07 12:46:30.903167
0.7851239669421488,0.5581166272655634,0.14814814814814814,0.15792291220556795,0.5714285714285714,0.37870835184933704,0.23529411764705882,inf,inf,inf,inf,0.02066115702479339,2026-03-07 12:46:30.911384
0.7860082304526749,0.5582010582010581,0.14814814814814814,0.158273381294964,0.5714285714285714,0.37874137922059853,0.23529411764705882,inf,inf,inf,inf,0.0205761316872428,2026-03-07 12:46:30.917395
0.7827868852459017,0.5568542568542568,0.14545454545454545,0.15455020920502058,0.5714285714285714,0.3752824813882748,0.23188405797101444,inf,inf,inf,inf,0.020491803278688523,2026-03-07 12:46:30.921443
0.7795918367346939,0.5555555555555556,0.14285714285714285,0.15094339622641484,0.5714285714285714,0.3719166512336502,0.2285714285714286,inf,inf,inf,inf,0.02040816326530612,2026-03-07 12:46:30.923186
0.7804878048780488,0.5556390977443609,0.14285714285714285,0.1512905698952211,0.5714285714285714,0.3719487392930027,0.2285714285714286,inf,inf,inf,inf,0.02032520325203252,2026-03-07 12:46:30.927187
0.7813765182186235,0.5557217651458489,0.14285714285714285,0.15163465207988822,0.5714285714285714,0.37198048862705435,0.2285714285714286,inf,inf,inf,inf,0.020242914979757085,2026-03-07 12:46:30.927187
0.782258064516129,0.5558035714285714,0.14285714285714285,0.15197568389057708,0.5714285714285714,0.37201190457142247,0.2285714285714286,inf,inf,inf,inf,0.020161290322580645,2026-03-07 12:46:30.941703
0.7791164658634538,0.5545504385964912,0.14035087719298245,0.14847976123857481,0.5714285714285714,0.3687342027541,0.22535211267605634,inf,inf,inf,inf,0.020080321285140562,2026-03-07 12:46:30.947334
0.776,0.5533405172413793,0.13793103448275862,0.14509037616023465,0.5714285714285714,0.3655416387433481,0.2222222222222222,inf,inf,inf,inf,0.02,2026-03-07 12:46:30.949859
0.7768924302788844,0.5534214757906021,0.13793103448275862,0.1454280155642023,0.5714285714285714,0.36557218582389645,0.2222222222222222,inf,inf,inf,inf,0.0199203187250996,2026-03-07 12:46:30.958855
0.7777777777777778,0.5535015997156061,0.13793103448275862,0.1457627118644065,0.5714285714285714,0.3656024154731294,0.2222222222222222,inf,inf,inf,inf,0.01984126984126984,2026-03-07 12:46:30.964863
0.7786561264822134,0.5535809018567639,0.13793103448275862,0.1460945033751202,0.5714285714285714,0.3656323326136789,0.2222222222222222,inf,inf,inf,inf,0.019762845849802372,2026-03-07 12:46:30.969435
0.7795275590551181,0.5536593947923997,0.13793103448275862,0.1464234277484399,0.5714285714285714,0.36566194206690905,0.2222222222222222,inf,inf,inf,inf,0.01968503937007874,2026-03-07 12:46:30.976976
0.7803921568627451,0.5537370908454402,0.13793103448275862,0.14674952198852756,0.5714285714285714,0.3656912485555073,0.2222222222222222,inf,inf,inf,inf,0.0196078431372549,2026-03-07 12:46:30.981995
0.78125,0.5538140020898642,0.13793103448275862,0.14707282246549264,0.5714285714285714,0.36572025670599556,0.2222222222222222,inf,inf,inf,inf,0.01953125,2026-03-07 12:46:30.987172
0.7821011673151751,0.5538901403569572,0.13793103448275862,0.14739336492890978,0.5714285714285714,0.3657489710511665,0.2222222222222222,inf,inf,inf,inf,0.019455252918287938,2026-03-07 12:46:30.996067
0.7829457364341085,0.5539655172413793,0.13793103448275862,0.1477111845210001,0.5714285714285714,0.3657773960324447,0.2222222222222222,inf,inf,inf,inf,0.01937984496124031,2026-03-07 12:46:30.997076
0.7837837837837838,0.5540401441070509,0.13793103448275862,0.14802631578947328,0.5714285714285714,0.36580553600217763,0.2222222222222222,inf,inf,inf,inf,0.019305019305019305,2026-03-07 12:46:31.007982
0.7846153846153846,0.5541140320928645,0.13793103448275862,0.14833879270004643,0.5714285714285714,0.36583339522585784,0.2222222222222222,inf,inf,inf,inf,0.019230769230769232,2026-03-07 12:46:31.007982
0.7854406130268199,0.5541871921182266,0.13793103448275862,0.14864864864864874,0.5714285714285714,0.3658609778842787,0.2222222222222222,inf,inf,inf,inf,0.019157088122605363,2026-03-07 12:46:33.657195
0.7862595419847328,0.5542596348884381,0.13793103448275862,0.14895591647331805,0.5714285714285714,0.3658882880756267,0.2222222222222222,inf,inf,inf,inf,0.019083969465648856,2026-03-07 12:46:33.657195
0.7870722433460076,0.5543313708999159,0.13793103448275862,0.14926062846580374,0.5714285714285714,0.36591532981751174,0.2222222222222222,inf,inf,inf,inf,0.019011406844106463,2026-03-07 12:46:33.657195
0.7878787878787878,0.5544024104452628,0.13793103448275862,0.1495628163828805,0.5714285714285714,0.36594210704893765,0.2222222222222222,inf,inf,inf,inf,0.01893939393939394,2026-03-07 12:46:33.667322
0.7886792452830189,0.5544727636181909,0.13793103448275862,0.14986251145737886,0.5714285714285714,0.3659686236322157,0.2222222222222222,inf,inf,inf,inf,0.018867924528301886,2026-03-07 12:46:33.669065
0.7894736842105263,0.5617784328174895,0.15254237288135594,0.16847158646868388,0.6,0.38486472276219846,0.24324324324324323,inf,inf,inf,inf,0.018796992481203006,2026-03-07 12:46:33.677170
0.7902621722846442,0.561848109517601,0.15254237288135594,0.16877918612408324,0.6,0.3848923383560174,0.24324324324324323,inf,inf,inf,inf,0.018726591760299626,2026-03-07 12:46:33.681890
0.7873134328358209,0.5605769230769231,0.15,0.1652459016393442,0.6,0.3816714253426328,0.24,inf,inf,inf,inf,0.018656716417910446,2026-03-07 12:46:33.687299
0.7881040892193308,0.5606459330143541,0.15,0.16555102040816308,0.6,0.38169854585039514,0.24,inf,inf,inf,inf,0.01858736059479554,2026-03-07 12:46:33.687299
0.7888888888888889,0.5607142857142857,0.15,0.1658536585365853,0.6,0.38172540616821105,0.24,inf,inf,inf,inf,0.018518518518518517,2026-03-07 12:46:33.697202
0.7859778597785978,0.5594847775175644,0.14754098360655737,0.16242140040498748,0.6,0.37858357985005675,0.23684210526315788,inf,inf,inf,inf,0.01845018450184502,2026-03-07 12:46:33.700463
0.7867647058823529,0.5595524823246057,0.14754098360655737,0.16272157945016433,0.6,0.3786099647390912,0.23684210526315788,inf,inf,inf,inf,0.01838235294117647,2026-03-07 12:46:33.706886
0.7875457875457875,0.5596195484070523,0.14754098360655737,0.16301934665397996,0.6,0.37863609890140887,0.23684210526315788,inf,inf,inf,inf,0.018315018315018316,2026-03-07 12:46:33.717028
0.7883211678832117,0.5596859847610252,0.14754098360655737,0.1633147309676739,0.6,0.37866198589415107,0.23684210526315788,inf,inf,inf,inf,0.01824817518248175,2026-03-07 12:46:33.721826
0.7890909090909091,0.5597518002144937,0.14754098360655737,0.1636077608809646,0.6,0.37868762920748383,0.23684210526315788,inf,inf,inf,inf,0.01818181818181818,2026-03-07 12:46:33.727343
0.7898550724637681,0.5598170034311857,0.14754098360655737,0.16389846443121242,0.6,0.37871303226616704,0.23684210526315788,inf,inf,inf,inf,0.018115942028985508,2026-03-07 12:46:33.732234
0.7906137184115524,0.5598816029143898,0.14754098360655737,0.1641868692123607,0.6,0.3787381984310794,0.23684210526315788,inf,inf,inf,inf,0.018050541516245487,2026-03-07 12:46:33.736957
0.7913669064748201,0.559945607010652,0.14754098360655737,0.16447300238366638,0.6,0.3787631310007013,0.23684210526315788,inf,inf,inf,inf,0.017985611510791366,2026-03-07 12:46:33.740182
0.7885304659498208,0.5587557603686636,0.14516129032258066,0.1611374407582934,0.6,0.37569617258159976,0.2337662337662338,inf,inf,inf,inf,0.017921146953405017,2026-03-07 12:46:33.747925
0.7892857142857143,0.5588191772713821,0.14516129032258066,0.16142131979695434,0.6,0.3757206747722528,0.2337662337662338,inf,inf,inf,inf,0.017857142857142856,2026-03-07 12:46:33.751447
0.7900355871886121,0.558882015024304,0.14516129032258066,0.1617029883197653,0.6,0.3757449516226495,0.2337662337662338,inf,inf,inf,inf,0.017793594306049824,2026-03-07 12:46:33.760622
0.7907801418439716,0.5589442815249267,0.14516129032258066,0.16198247204593558,0.6,0.37576900622730414,0.2337662337662338,inf,inf,inf,inf,0.01773049645390071,2026-03-07 12:46:33.763974
0.7915194346289752,0.5590059845278061,0.14516129032258066,0.16225979629722556,0.6,0.3757928416243253,0.2337662337662338,inf,inf,inf,inf,0.0176678445229682,2026-03-07 12:46:33.767087
0.7922535211267606,0.5590671316477769,0.14516129032258066,0.16253498600559824,0.6,0.3758164607966955,0.2337662337662338,inf,inf,inf,inf,0.017605633802816902,2026-03-07 12:46:33.767087
0.7929824561403509,0.559127730363084,0.14516129032258066,0.16280806572068723,0.6,0.37583986667351554,0.2337662337662338,inf,inf,inf,inf,0.017543859649122806,2026-03-07 12:46:33.779922
0.7937062937062938,0.5591877880184332,0.14516129032258066,0.16307905961710173,0.6,0.37586306213121606,0.2337662337662338,inf,inf,inf,inf,0.017482517482517484,2026-03-07 12:46:33.779922
0.794425087108014,0.5592473118279571,0.14516129032258066,0.16334799150155635,0.6,0.375886049994736,0.2337662337662338,inf,inf,inf,inf,0.017421602787456445,2026-03-07 12:46:33.787061
0.7951388888888888,0.5593063088781045,0.14516129032258066,0.16361488481984612,0.6,0.3759088330386697,0.2337662337662338,inf,inf,inf,inf,0.017361111111111112,2026-03-07 12:46:33.795704
0.7958477508650519,0.5660907430818936,0.15873015873015872,0.1808311313956283,0.625,0.39308533897822173,0.2531645569620253,inf,inf,inf,inf,0.01730103806228374,2026-03-07 12:46:33.797214
0.7965517241379311,0.5661492203342424,0.15873015873015872,0.18110462333684346,0.625,0.3931089517254961,0.2531645569620253,inf,inf,inf,inf,0.017241379310344827,2026-03-07 12:46:33.807128
0.7972508591065293,0.5662071846282373,0.15873015873015872,0.1813760549277649,0.625,0.3931323559437602,0.2531645569620253,inf,inf,inf,inf,0.01718213058419244,2026-03-07 12:46:33.811468
0.797945205479452,0.5662646426838567,0.15873015873015872,0.1816454493634804,0.625,0.3931555543833369,0.2531645569620253,inf,inf,inf,inf,0.017123287671232876,2026-03-07 12:46:33.819048
0.7986348122866894,0.5663216011042098,0.15873015873015872,0.18191282949221496,0.625,0.3931785497463923,0.2531645569620253,inf,inf,inf,inf,0.020477815699658702,2026-03-07 12:46:33.821052
0.7993197278911565,0.5663780663780664,0.15873015873015872,0.1821782178217824,0.625,0.3932013446879859,0.2531645569620253,inf,inf,inf,inf,0.02040816326530612,2026-03-07 12:46:33.833257
0.7966101694915254,0.5642788724685277,0.15873015873015872,0.17513281759716623,0.5882352941176471,0.3923530128589653,0.25,inf,inf,inf,inf,0.020338983050847456,2026-03-07 12:46:33.836971
0.793918918918919,0.5630387931034483,0.15625,0.1717431192660553,0.5882352941176471,0.3892756868144061,0.2469135802469136,inf,inf,inf,inf,0.02027027027027027,2026-03-07 12:46:33.850624
0.7912457912457912,0.5618368700265253,0.15384615384615385,0.16844291907514422,0.5882352941176471,0.3862696519684536,0.24390243902439027,inf,inf,inf,inf,0.020202020202020204,2026-03-07 12:46:33.856117
0.7885906040268457,0.5606713688610241,0.15151515151515152,0.165228990662517,0.5882352941176471,0.38333219753591224,0.24096385542168675,inf,inf,inf,inf,0.020134228187919462,2026-03-07 12:46:33.863247
0.7892976588628763,0.5607361165301079,0.15151515151515152,0.16550746467018104,0.5882352941176471,0.3833577887215735,0.24096385542168675,inf,inf,inf,inf,0.020066889632107024,2026-03-07 12:46:33.869137
0.79,0.5670680930113381,0.16417910447761194,0.18139293139293208,0.6111111111111112,0.3990572453042128,0.25882352941176473,inf,inf,inf,inf,0.02,2026-03-07 12:46:33.877016
0.7906976744186046,0.567132287281541,0.16417910447761194,0.18167695162473577,0.6111111111111112,0.39908365507168503,0.25882352941176473,inf,inf,inf,inf,0.019933554817275746,2026-03-07 12:46:33.883252
0.7880794701986755,0.5659250879839115,0.16176470588235295,0.1783710253358275,0.6111111111111112,0.3961383479911029,0.2558139534883721,inf,inf,inf,inf,0.019867549668874173,2026-03-07 12:46:33.892150
0.7887788778877888,0.5659887359198998,0.16176470588235295,0.17865311308767495,0.6111111111111112,0.3961643380320981,0.2558139534883721,inf,inf,inf,inf,0.019801980198019802,2026-03-07 12:46:33.897638
0.7894736842105263,0.5660518444666002,0.16176470588235295,0.1789331532748145,0.6111111111111112,0.3961901061351757,0.2558139534883721,inf,inf,inf,inf,0.019736842105263157,2026-03-07 12:46:33.908208
0.7901639344262295,0.566114420451725,0.16176470588235295,0.17921116811033555,0.6111111111111112,0.3962156551312175,0.2558139534883721,inf,inf,inf,inf,0.019672131147540985,2026-03-07 12:46:33.915624
0.7875816993464052,0.5649422124380847,0.15942028985507245,0.17598806860551802,0.6111111111111112,0.39333404848679887,0.2528735632183908,inf,inf,inf,inf,0.0196078431372549,2026-03-07 12:46:33.923713
0.7882736156351792,0.565004262574595,0.15942028985507245,0.17626418988648102,0.6111111111111112,0.3933591969186833,0.2528735632183908,inf,inf,inf,inf,0.019543973941368076,2026-03-07 12:46:33.931313
0.788961038961039,0.565065793463101,0.15942028985507245,0.1765383349786112,0.6111111111111112,0.3933841333158632,0.2528735632183908,inf,inf,inf,inf,0.01948051948051948,2026-03-07 12:46:33.940367
0.7896440129449838,0.5651268115942029,0.15942028985507245,0.17681052502151712,0.6111111111111112,0.39340886034883116,0.2528735632183908,inf,inf,inf,inf,0.019417475728155338,2026-03-07 12:46:33.948093
0.7903225806451613,0.5651873233507727,0.15942028985507245,0.17708078085436563,0.6111111111111112,0.3934333806434199,0.2528735632183908,inf,inf,inf,inf,0.01935483870967742,2026-03-07 12:46:33.954033
0.7877813504823151,0.5631812193077015,0.15942028985507245,0.17053261133112402,0.5789473684210527,0.3926196602673616,0.24999999999999997,inf,inf,inf,inf,0.01929260450160772,2026-03-07 12:46:33.960381
0.7884615384615384,0.563249239577742,0.15942028985507245,0.17081420633003142,0.5789473684210527,0.3926472784202002,0.24999999999999997,inf,inf,inf,inf,0.019230769230769232,2026-03-07 12:46:34.083140
0.7891373801916933,0.5633167023045854,0.15942028985507245,0.17109381269561064,0.5789473684210527,0.39267466827607533,0.24999999999999997,inf,inf,inf,inf,0.019169329073482427,2026-03-07 12:46:34.093798
0.7898089171974523,0.5633836143152914,0.15942028985507245,0.17137145141943194,0.5789473684210527,0.3927018326542529,0.24999999999999997,inf,inf,inf,inf,0.01910828025477707,2026-03-07 12:46:34.102550
0.7904761904761904,0.5634499823259103,0.15942028985507245,0.171647143198661,0.5789473684210527,0.39272877432776526,0.24999999999999997,inf,inf,inf,inf,0.01904761904761905,2026-03-07 12:46:34.112488
0.7911392405063291,0.5635158129437305,0.15942028985507245,0.17192090844119737,0.5789473684210527,0.3927554960243552,0.24999999999999997,inf,inf,inf,inf,0.0189873417721519,2026-03-07 12:46:34.121427
0.7917981072555205,0.5635811126694718,0.15942028985507245,0.1721927672707124,0.5789473684210527,0.3927820004273968,0.24999999999999997,inf,inf,inf,inf,0.01892744479495268,2026-03-07 12:46:34.130195
0.7924528301886793,0.5636458878994238,0.15942028985507245,0.17246273953158267,0.5789473684210527,0.39280829017679386,0.24999999999999997,inf,inf,inf,inf,0.018867924528301886,2026-03-07 12:46:34.139830
0.7899686520376176,0.5625071715433161,0.15714285714285714,0.1693676887800709,0.5789473684210527,0.389992423834499,0.24719101123595505,inf,inf,inf,inf,0.018808777429467086,2026-03-07 12:46:34.149661
0.7875,0.561400531704282,0.15492957746478872,0.1663474063290168,0.5789473684210527,0.38723625909447873,0.24444444444444444,inf,inf,inf,inf,0.021875,2026-03-07 12:46:34.157686
0.7881619937694704,0.5614647887323944,0.15492957746478872,0.16661576053756869,0.5789473684210527,0.387261966872446,0.24444444444444444,inf,inf,inf,inf,0.021806853582554516,2026-03-07 12:46:34.167325
0.7888198757763976,0.5615285337523147,0.15492957746478872,0.16688227684346707,0.5789473684210527,0.3872874681214446,0.24444444444444444,inf,inf,inf,inf,0.021739130434782608,2026-03-07 12:46:34.177848
0.7894736842105263,0.5615917728593784,0.15492957746478872,0.16714697406340095,0.5789473684210527,0.3873127653204736,0.24444444444444444,inf,inf,inf,inf,0.021671826625386997,2026-03-07 12:46:34.188352
0.7901234567901234,0.5616545120525525,0.15492957746478872,0.1674098707580678,0.5789473684210527,0.38733786090901323,0.24444444444444444,inf,inf,inf,inf,0.021604938271604937,2026-03-07 12:46:34.196332
0.7876923076923077,0.560578612209047,0.1527777777777778,0.16446216326986887,0.5789473684210527,0.38463860948087575,0.2417582417582418,inf,inf,inf,inf,0.021538461538461538,2026-03-07 12:46:34.204817
0.7883435582822086,0.5606408573928259,0.1527777777777778,0.16472335685109532,0.5789473684210527,0.3846633323636292,0.2417582417582418,inf,inf,inf,inf,0.02147239263803681,2026-03-07 12:46:34.213317
0.7889908256880734,0.560702614379085,0.1527777777777778,0.16498279116242923,0.5789473684210527,0.38468785977118863,0.2417582417582418,inf,inf,inf,inf,0.021406727828746176,2026-03-07 12:46:34.221801
0.7896341463414634,0.5665055063121138,0.1643835616438356,0.17952436194895635,0.6,0.39903186626903203,0.25806451612903225,inf,inf,inf,inf,0.021341463414634148,2026-03-07 12:46:34.230303
0.790273556231003,0.5665667808219178,0.1643835616438356,0.17978827185027246,0.6,0.3990571078711238,0.25806451612903225,inf,inf,inf,inf,0.02127659574468085,2026-03-07 12:46:34.239786
0.7909090909090909,0.5666275784872874,0.1643835616438356,0.1800504141159524,0.6,0.3990821514625929,0.25806451612903225,inf,inf,inf,inf,0.021212121212121213,2026-03-07 12:46:34.250317
0.7915407854984894,0.5666879048529255,0.1643835616438356,0.18031080644582462,0.6,0.3991069993644576,0.25806451612903225,inf,inf,inf,inf,0.021148036253776436,2026-03-07 12:46:34.259372
0.7921686746987951,0.5667477653779023,0.1643835616438356,0.180569466304192,0.6,0.39913165386160027,0.25806451612903225,inf,inf,inf,inf,0.02108433734939759,2026-03-07 12:46:34.270851
0.7927927927927928,0.5668071654373024,0.1643835616438356,0.18082641092374055,0.6,0.3991561172034676,0.25806451612903225,inf,inf,inf,inf,0.021021021021021023,2026-03-07 12:46:34.280372
0.7934131736526946,0.5668661103238335,0.1643835616438356,0.18108165730935968,0.6,0.3991803916047552,0.25806451612903225,inf,inf,inf,inf,0.020958083832335328,2026-03-07 12:46:34.289854
0.7940298507462686,0.5669246052493987,0.1643835616438356,0.1813352222418982,0.6,0.39920447924607594,0.25806451612903225,inf,inf,inf,inf,0.020895522388059702,2026-03-07 12:46:34.299389
0.7946428571428571,0.5669826553466326,0.1643835616438356,0.18158712228184115,0.6,0.39922838227461344,0.25806451612903225,inf,inf,inf,inf,0.020833333333333332,2026-03-07 12:46:34.307871
0.7952522255192879,0.5670402656704027,0.1643835616438356,0.18183737377291453,0.6,0.3992521028047597,0.25806451612903225,inf,inf,inf,inf,0.020771513353115726,2026-03-07 12:46:34.315852
0.7928994082840237,0.5652106487464461,0.1643835616438356,0.1757820664669412,0.5714285714285714,0.3984980849404609,0.2553191489361702,inf,inf,inf,inf,0.020710059171597635,2026-03-07 12:46:34.326356
0.7905604719764012,0.5640999490056093,0.16216216216216217,0.17280131972368262,0.5714285714285714,0.39579637185745237,0.25263157894736843,inf,inf,inf,inf,0.02064896755162242,2026-03-07 12:46:34.335838
0.7911764705882353,0.5641637878479984,0.16216216216216217,0.17306111263359783,0.5714285714285714,0.3958225264748662,0.25263157894736843,inf,inf,inf,inf,0.020588235294117647,2026-03-07 12:46:34.345359
0.7917888563049853,0.5697493734335839,0.17333333333333334,0.18692279275951232,0.5909090909090909,0.4092293631683802,0.26804123711340205,inf,inf,inf,inf,0.020527859237536656,2026-03-07 12:46:34.354346
0.7923976608187134,0.5698127340823971,0.17333333333333334,0.1871861819642497,0.5909090909090909,0.4092561993472058,0.26804123711340205,inf,inf,inf,inf,0.02046783625730994,2026-03-07 12:46:34.363828
0.793002915451895,0.5698756218905472,0.17333333333333334,0.18744786627072843,0.5909090909090909,0.4092828335160727,0.26804123711340205,inf,inf,inf,inf,0.02040816326530612,2026-03-07 12:46:34.374357
0.7936046511627907,0.5699380421313507,0.17333333333333334,0.18770786217906102,0.5909090909090909,0.40930926794754735,0.26804123711340205,inf,inf,inf,inf,0.020348837209302327,2026-03-07 12:46:34.383839
0.7942028985507247,0.5700000000000001,0.17333333333333334,0.18796618597712608,0.5909090909090909,0.4093355048802334,0.26804123711340205,inf,inf,inf,inf,0.020289855072463767,2026-03-07 12:46:34.393366
0.7947976878612717,0.5700615006150062,0.17333333333333334,0.1882228537439691,0.5909090909090909,0.40936154651940343,0.26804123711340205,inf,inf,inf,inf,0.02023121387283237,2026-03-07 12:46:34.404844
0.7953890489913544,0.5701225490196078,0.17333333333333334,0.18847788135314072,0.5909090909090909,0.4093873950376175,0.26804123711340205,inf,inf,inf,inf,0.020172910662824207,2026-03-07 12:46:34.414372
0.7959770114942529,0.5701831501831502,0.17333333333333334,0.18873128447596535,0.5909090909090909,0.40941305257532723,0.26804123711340205,inf,inf,inf,inf,0.020114942528735632,2026-03-07 12:46:34.425859
0.7965616045845272,0.570243309002433,0.17333333333333334,0.18898307858475413,0.5909090909090909,0.4094385212414668,0.26804123711340205,inf,inf,inf,inf,0.02005730659025788,2026-03-07 12:46:34.437864
0.7942857142857143,0.5691029581252401,0.17105263157894737,0.185941336089934,0.5909090909090909,0.4067359272098895,0.2653061224489796,inf,inf,inf,inf,0.022857142857142857,2026-03-07 12:46:34.449343
0.7948717948717948,0.5691626794258373,0.17105263157894737,0.18619179493785,0.5909090909090909,0.40676104220358356,0.2653061224489796,inf,inf,inf,inf,0.022792022792022793,2026-03-07 12:46:34.460025
0.7954545454545454,0.5692219679633868,0.17105263157894737,0.1864406779661013,0.5909090909090909,0.40678597367078184,0.2653061224489796,inf,inf,inf,inf,0.022727272727272728,2026-03-07 12:46:34.471598
0.7960339943342776,0.5692808284248527,0.17105263157894737,0.1866880000000001,0.5909090909090909,0.4068107236159655,0.2653061224489796,inf,inf,inf,inf,0.0226628895184136,2026-03-07 12:46:34.482929
0.7937853107344632,0.5675407042786823,0.17105263157894737,0.1809191759112517,0.5652173913043478,0.4060783904863597,0.26262626262626265,inf,inf,inf,inf,0.025423728813559324,2026-03-07 12:46:34.495659
0.7943661971830986,0.5676051688360687,0.17105263157894737,0.1811747606559456,0.5652173913043478,0.4061055440207157,0.26262626262626265,inf,inf,inf,inf,0.02535211267605634,2026-03-07 12:46:34.507241
0.7949438202247191,0.5676691729323309,0.17105263157894737,0.18142875141741166,0.5652173913043478,0.4061325018052069,0.26262626262626265,inf,inf,inf,inf,0.025280898876404494,2026-03-07 12:46:34.520913
0.7927170868347339,0.5665584415584416,0.16883116883116883,0.1784936874183718,0.5652173913043478,0.4034866592962593,0.25999999999999995,inf,inf,inf,inf,0.025210084033613446,2026-03-07 12:46:34.531495
0.7932960893854749,0.5718864468864469,0.1794871794871795,0.1916269986573911,0.5833333333333334,0.41602514716892186,0.2745098039215686,inf,inf,inf,inf,0.025139664804469275,2026-03-07 12:46:34.542273
0.7910863509749304,0.570170636006935,0.1794871794871795,0.1859902651389183,0.56,0.41528422913268576,0.27184466019417475,inf,inf,inf,inf,0.025069637883008356,2026-03-07 12:46:34.553939
0.7916666666666666,0.5702400436442989,0.1794871794871795,0.18625678119348996,0.56,0.4153142262533993,0.27184466019417475,inf,inf,inf,inf,0.025,2026-03-07 12:46:34.566969
0.7922437673130194,0.5754331627614687,0.189873417721519,0.19889339290469563,0.5769230769230769,0.42716157108335,0.2857142857142857,inf,inf,inf,inf,0.024930747922437674,2026-03-07 12:46:34.578278
0.7928176795580111,0.5755020798854944,0.189873417721519,0.1991622913102478,0.5769230769230769,0.4271922036626517,0.2857142857142857,inf,inf,inf,inf,0.024861878453038673,2026-03-07 12:46:34.589500
0.790633608815427,0.5738099482973792,0.189873417721519,0.1936162749912312,0.5555555555555556,0.4264394414854383,0.28301886792452835,inf,inf,inf,inf,0.024793388429752067,2026-03-07 12:46:34.600118
0.7912087912087912,0.5738840772818121,0.189873417721519,0.19389241797307494,0.5555555555555556,0.4264724463569312,0.28301886792452835,inf,inf,inf,inf,0.024725274725274724,2026-03-07 12:46:34.611399
0.7917808219178082,0.5739576878817385,0.189873417721519,0.1941668603300021,0.5555555555555556,0.42650521789779156,0.28301886792452835,inf,inf,inf,inf,0.024657534246575342,2026-03-07 12:46:34.621800
0.7923497267759563,0.5740307855158118,0.189873417721519,0.19443961772371857,0.5555555555555556,0.4265377585739161,0.28301886792452835,inf,inf,inf,inf,0.02459016393442623,2026-03-07 12:46:34.632585
0.7929155313351499,0.5741033755274262,0.189873417721519,0.19471070562420634,0.5555555555555556,0.42657007081657256,0.28301886792452835,inf,inf,inf,inf,0.02452316076294278,2026-03-07 12:46:34.639360
0.7907608695652174,0.5729166666666667,0.1875,0.19169329073482455,0.5555555555555556,0.42389562394532926,0.2803738317757009,inf,inf,inf,inf,0.024456521739130436,2026-03-07 12:46:34.655070
0.7886178861788617,0.5717592592592593,0.18518518518518517,0.18873668188736673,0.5555555555555556,0.4212708580028639,0.2777777777777778,inf,inf,inf,inf,0.024390243902439025,2026-03-07 12:46:34.657110
0.7891891891891892,0.5718313469178521,0.18518518518518517,0.18900691283088875,0.5555555555555556,0.42130254560740704,0.2777777777777778,inf,inf,inf,inf,0.024324324324324326,2026-03-07 12:46:34.677249
0.7897574123989218,0.5719029374201788,0.18518518518518517,0.18927550848882194,0.5555555555555556,0.421334012318188,0.2777777777777778,inf,inf,inf,inf,0.02425876010781671,2026-03-07 12:46:34.686901
0.7903225806451613,0.5719740358915617,0.18518518518518517,0.18954248366013068,0.5555555555555556,0.42136526043721484,0.2777777777777778,inf,inf,inf,inf,0.024193548387096774,2026-03-07 12:46:34.697169
0.7908847184986595,0.5720446473871131,0.18518518518518517,0.18980785296574806,0.5555555555555556,0.4213962922346157,0.2777777777777778,inf,inf,inf,inf,0.024128686327077747,2026-03-07 12:46:34.711215
0.7914438502673797,0.5721147768929339,0.18518518518518517,0.19007163085124112,0.5555555555555556,0.42142710994918964,0.2777777777777778,inf,inf,inf,inf,0.02406417112299465,2026-03-07 12:46:34.718243
0.792,0.5721844293272864,0.18518518518518517,0.1903338315894368,0.5555555555555556,0.42145771578894453,0.2777777777777778,inf,inf,inf,inf,0.024,2026-03-07 12:46:34.734152
0.7925531914893617,0.5722536095417451,0.18518518518518517,0.19059446928299362,0.5555555555555556,0.42148811193162505,0.2777777777777778,inf,inf,inf,inf,0.023936170212765957,2026-03-07 12:46:34.747092
0.7931034482758621,0.5723223223223223,0.18518518518518517,0.19085355786693092,0.5555555555555556,0.4215183005252295,0.2777777777777778,inf,inf,inf,inf,0.023872679045092837,2026-03-07 12:46:34.757112
0.7936507936507936,0.5723905723905723,0.18518518518518517,0.19111111111111112,0.5555555555555556,0.4215482836885156,0.2777777777777778,inf,inf,inf,inf,0.023809523809523808,2026-03-07 12:46:34.767338
0.7915567282321899,0.5707805120556798,0.18518518518518517,0.18583276682528915,0.5357142857142857,0.420840393543895,0.2752293577981651,inf,inf,inf,inf,0.023746701846965697,2026-03-07 12:46:34.783985
0.7921052631578948,0.57085346215781,0.18518518518518517,0.18609695260817719,0.5357142857142857,0.42087249303622226,0.2752293577981651,inf,inf,inf,inf,0.02368421052631579,2026-03-07 12:46:34.793037
0.7926509186351706,0.570925925925926,0.18518518518518517,0.18635958154245386,0.5357142857142857,0.4209043761083513,0.2752293577981651,inf,inf,inf,inf,0.023622047244094488,2026-03-07 12:46:34.806068
0.7905759162303665,0.5697967479674797,0.18292682926829268,0.18349898471732404,0.5357142857142857,0.4183300132670378,0.2727272727272727,inf,inf,inf,inf,0.02356020942408377,2026-03-07 12:46:34.817270
0.7911227154046997,0.5698687302487643,0.18292682926829268,0.18376045607118124,0.5357142857142857,0.41836148840561055,0.2727272727272727,inf,inf,inf,inf,0.02349869451697128,2026-03-07 12:46:34.829906
0.7916666666666666,0.5699402358261993,0.18292682926829268,0.18402039949001228,0.5357142857142857,0.4183927527551931,0.2727272727272727,inf,inf,inf,inf,0.0234375,2026-03-07 12:46:34.846968
0.7896103896103897,0.5683611044031233,0.18292682926829268,0.17888833302614648,0.5172413793103449,0.4177017650784178,0.27027027027027023,inf,inf,inf,inf,0.023376623376623377,2026-03-07 12:46:34.862145
0.7901554404145078,0.5684370988446726,0.18292682926829268,0.17915463376214225,0.5172413793103449,0.4177350444888422,0.27027027027027023,inf,inf,inf,inf,0.023316062176165803,2026-03-07 12:46:34.872401
0.7906976744186046,0.5685125949620152,0.18292682926829268,0.17941938692704337,0.5172413793103449,0.4177681030486053,0.27027027027027023,inf,inf,inf,inf,0.023255813953488372,2026-03-07 12:46:34.877960
0.7912371134020618,0.5685875976406823,0.18292682926829268,0.17968260597201893,0.5172413793103449,0.41780094294917586,0.27027027027027023,inf,inf,inf,inf,0.02577319587628866,2026-03-07 12:46:34.896972
0.7917737789203085,0.5686621117025502,0.18292682926829268,0.1799443041928009,0.5172413793103449,0.4178335663531202,0.27027027027027023,inf,inf,inf,inf,0.02570694087403599,2026-03-07 12:46:34.909633
0.7923076923076923,0.5687361419068736,0.18292682926829268,0.18020449473192518,0.5172413793103449,0.417865975394577,0.27027027027027023,inf,inf,inf,inf,0.02564102564102564,2026-03-07 12:46:34.928712
0.7928388746803069,0.5688096929512985,0.18292682926829268,0.18046319058092913,0.5172413793103449,0.41789817217972275,0.27027027027027023,inf,inf,inf,inf,0.02557544757033248,2026-03-07 12:46:34.937297
0.7908163265306123,0.5677077241002846,0.18072289156626506,0.17769250447684842,0.5172413793103449,0.4153730845778789,0.26785714285714285,inf,inf,inf,inf,0.025510204081632654,2026-03-07 12:46:34.964024
0.7913486005089059,0.5677808006218422,0.18072289156626506,0.17795010458650068,0.5172413793103449,0.41540487791106245,0.26785714285714285,inf,inf,inf,inf,0.02544529262086514,2026-03-07 12:46:34.989171
0.7918781725888325,0.5726574500768049,0.19047619047619047,0.18978834386598473,0.5333333333333333,0.42646692713334294,0.2807017543859649,inf,inf,inf,inf,0.025380710659898477,2026-03-07 12:46:34.997284
0.7924050632911392,0.5727300566528862,0.19047619047619047,0.19004751187796973,0.5333333333333333,0.42649935473173584,0.2807017543859649,inf,inf,inf,inf,0.02531645569620253,2026-03-07 12:46:35.017001
0.7929292929292929,0.5728021978021978,0.19047619047619047,0.19030520646319574,0.5333333333333333,0.426531572019214,0.2807017543859649,inf,inf,inf,inf,0.025252525252525252,2026-03-07 12:46:35.037248
0.7934508816120907,0.572873877985699,0.19047619047619047,0.19056144015117626,0.5333333333333333,0.4265635810354112,0.2807017543859649,inf,inf,inf,inf,0.02518891687657431,2026-03-07 12:46:35.047340
0.7939698492462312,0.572945101607522,0.19047619047619047,0.19081622532976283,0.5333333333333333,0.42659538379366846,0.2807017543859649,inf,inf,inf,inf,0.02512562814070352,2026-03-07 12:46:35.058391
0.7944862155388471,0.573015873015873,0.19047619047619047,0.1910695742471445,0.5333333333333333,0.4266269822814563,0.2807017543859649,inf,inf,inf,inf,0.02506265664160401,2026-03-07 12:46:35.077155
0.795,0.573086196503918,0.19047619047619047,0.19132149901380635,0.5333333333333333,0.42665837846078875,0.2807017543859649,inf,inf,inf,inf,0.025,2026-03-07 12:46:35.097352
0.7955112219451371,0.5731560763106505,0.19047619047619047,0.19157201160446463,0.5333333333333333,0.42668957426863013,0.2807017543859649,inf,inf,inf,inf,0.02493765586034913,2026-03-07 12:46:35.117012
0.7935323383084577,0.5720356281313788,0.18823529411764706,0.18876732312180886,0.5333333333333333,0.42417220967740094,0.2782608695652174,inf,inf,inf,inf,0.024875621890547265,2026-03-07 12:46:35.127223
0.794044665012407,0.5721050684424713,0.18823529411764706,0.18901685052733666,0.5333333333333333,0.4242030241492548,0.2782608695652174,inf,inf,inf,inf,0.02481389578163772,2026-03-07 12:46:35.153067
0.7945544554455446,0.5768246306859733,0.19767441860465115,0.20040061045402494,0.5483870967741935,0.43470883502029034,0.29059829059829057,inf,inf,inf,inf,0.024752475247524754,2026-03-07 12:46:35.175549
0.7950617283950617,0.5768936356346139,0.19767441860465115,0.20065155874729498,0.5483870967741935,0.434740212392303,0.29059829059829057,inf,inf,inf,inf,0.024691358024691357,2026-03-07 12:46:35.191548
0.7955665024630542,0.5769622093023256,0.19767441860465115,0.2009011145364,0.5483870967741935,0.4347713914124269,0.29059829059829057,inf,inf,inf,inf,0.024630541871921183,2026-03-07 12:46:35.206041
0.7960687960687961,0.577030355719771,0.19767441860465115,0.20114928937971466,0.5483870967741935,0.4348023739557947,0.29059829059829057,inf,inf,inf,inf,0.02457002457002457,2026-03-07 12:46:35.221078
0.7965686274509803,0.5770980788675429,0.19767441860465115,0.20139609470804587,0.5483870967741935,0.43483316187397497,0.29059829059829057,inf,inf,inf,inf,0.024509803921568627,2026-03-07 12:46:35.235546
0.7970660146699267,0.5771653826769386,0.19767441860465115,0.2016415418263914,0.5483870967741935,0.4348637569953408,0.29059829059829057,inf,inf,inf,inf,0.02444987775061125,2026-03-07 12:46:35.250543
0.7975609756097561,0.5772322710307206,0.19767441860465115,0.20188564191566208,0.5483870967741935,0.4348941611254322,0.29059829059829057,inf,inf,inf,inf,0.024390243902439025,2026-03-07 12:46:35.268059
0.7980535279805353,0.577298747763864,0.19767441860465115,0.20212840603438165,0.5483870967741935,0.4349243760473114,0.29059829059829057,inf,inf,inf,inf,0.024330900243309004,2026-03-07 12:46:35.287035
0.7985436893203883,0.5773648166642887,0.19767441860465115,0.2023698451203583,0.5483870967741935,0.4349544035219114,0.29059829059829057,inf,inf,inf,inf,0.024271844660194174,2026-03-07 12:46:35.305516
0.7990314769975787,0.5774304814735793,0.19767441860465115,0.2026099699923233,0.5483870967741935,0.4349842452883786,0.29059829059829057,inf,inf,inf,inf,0.024213075060532687,2026-03-07 12:46:35.322518
0.7971014492753623,0.5762944215965412,0.19540229885057472,0.19977909705922978,0.5483870967741935,0.4324771106005075,0.288135593220339,inf,inf,inf,inf,0.024154589371980676,2026-03-07 12:46:41.457180
0.7951807228915663,0.5751841812621629,0.19318181818181818,0.1969997040679274,0.5483870967741935,0.4300128335006493,0.2857142857142857,inf,inf,inf,inf,0.024096385542168676,2026-03-07 12:46:41.457180
0.7956730769230769,0.5752494456762749,0.19318181818181818,0.19723937522702478,0.5483870967741935,0.4300421523195355,0.2857142857142857,inf,inf,inf,inf,0.02403846153846154,2026-03-07 12:46:41.469555
0.7961630695443646,0.5753143133462283,0.19318181818181818,0.19747775488486877,0.5483870967741935,0.4300712909279858,0.2857142857142857,inf,inf,inf,inf,0.023980815347721823,2026-03-07 12:46:41.472846
0.7966507177033493,0.5753787878787878,0.19318181818181818,0.1977148534525584,0.5483870967741935,0.4301002509826247,0.2857142857142857,inf,inf,inf,inf,0.023923444976076555,2026-03-07 12:46:41.477010
0.7971360381861575,0.5754428728371327,0.19318181818181818,0.19795068122959109,0.5483870967741935,0.4301290341198314,0.2857142857142857,inf,inf,inf,inf,0.02386634844868735,2026-03-07 12:46:41.482068
0.7976190476190477,0.5755065717415115,0.19318181818181818,0.19818524840535465,0.5483870967741935,0.43015764195604766,0.2857142857142857,inf,inf,inf,inf,0.023809523809523808,2026-03-07 12:46:41.482068
0.7980997624703088,0.5755698880698881,0.19318181818181818,0.19841856506059194,0.5483870967741935,0.4301860760880808,0.2857142857142857,inf,inf,inf,inf,0.023752969121140142,2026-03-07 12:46:41.488822
0.7985781990521327,0.5756328252585737,0.19318181818181818,0.19865064116884887,0.5483870967741935,0.43021433809340104,0.2857142857142857,inf,inf,inf,inf,0.023696682464454975,2026-03-07 12:46:41.491936
0.7966903073286052,0.5745475341451928,0.19101123595505617,0.19592414128464702,0.5483870967741935,0.4277905760567057,0.28333333333333327,inf,inf,inf,inf,0.02364066193853428,2026-03-07 12:46:41.496947
0.7971698113207547,0.5746100955894684,0.19101123595505617,0.19615537233808028,0.5483870967741935,0.42781850923086123,0.28333333333333327,inf,inf,inf,inf,0.02358490566037736,2026-03-07 12:46:41.502006
0.7952941176470588,0.5735489220563847,0.18888888888888888,0.1934780237757662,0.5483870967741935,0.42543510066239465,0.28099173553719003,inf,inf,inf,inf,0.023529411764705882,2026-03-07 12:46:41.507183
0.795774647887324,0.5736111111111111,0.18888888888888888,0.19370839316016258,0.5483870967741935,0.4254627110787954,0.28099173553719003,inf,inf,inf,inf,0.023474178403755867,2026-03-07 12:46:41.507183
0.7962529274004684,0.5736729310913287,0.18888888888888888,0.19393755288910125,0.5483870967741935,0.4254901558594128,0.28099173553719003,inf,inf,inf,inf,0.0234192037470726,2026-03-07 12:46:41.512169
0.7967289719626168,0.5737343852728468,0.18888888888888888,0.19416551246537386,0.5483870967741935,0.42551743649044094,0.28099173553719003,inf,inf,inf,inf,0.02336448598130841,2026-03-07 12:46:41.517355
0.7972027972027972,0.5781910397295013,0.1978021978021978,0.20492938244253678,0.5625,0.43544139371525836,0.2926829268292683,inf,inf,inf,inf,0.023310023310023312,2026-03-07 12:46:41.520187
0.7976744186046512,0.5782521313494765,0.1978021978021978,0.2051587132962223,0.5625,0.4354691441125116,0.2926829268292683,inf,inf,inf,inf,0.023255813953488372,2026-03-07 12:46:41.520187
0.7981438515081206,0.5783128636069813,0.1978021978021978,0.20538684862997691,0.5625,0.4354967295194159,0.2926829268292683,inf,inf,inf,inf,0.02320185614849188,2026-03-07 12:46:41.526955
0.7986111111111112,0.5783732396635622,0.1978021978021978,0.20561379776800823,0.5625,0.4355241514032029,0.2926829268292683,inf,inf,inf,inf,0.023148148148148147,2026-03-07 12:46:41.526955
0.7990762124711316,0.5784332626437889,0.1978021978021978,0.20583956993780964,0.5625,0.4355514112137566,0.2926829268292683,inf,inf,inf,inf,0.023094688221709007,2026-03-07 12:46:41.536924
0.7972350230414746,0.5773582506992118,0.1956521739130435,0.2031380403939243,0.5625,0.43317781636986635,0.2903225806451613,inf,inf,inf,inf,0.02304147465437788,2026-03-07 12:46:41.540972
0.7977011494252874,0.5774179236912156,0.1956521739130435,0.20336302339132623,0.5625,0.4332047678594784,0.2903225806451613,inf,inf,inf,inf,0.022988505747126436,2026-03-07 12:46:41.544976
0.7981651376146789,0.5774772497472195,0.1956521739130435,0.2035868482231813,0.5625,0.43323156099231536,0.2903225806451613,inf,inf,inf,inf,0.022935779816513763,2026-03-07 12:46:41.549020
0.7986270022883295,0.577536231884058,0.1956521739130435,0.203809523809524,0.5625,0.43325819716010827,0.2903225806451613,inf,inf,inf,inf,0.02288329519450801,2026-03-07 12:46:41.552027
0.7990867579908676,0.5775948730836894,0.1956521739130435,0.2040310589790188,0.5625,0.4332846777383257,0.2903225806451613,inf,inf,inf,inf,0.0228310502283105,2026-03-07 12:46:41.556985
0.7995444191343963,0.5776531762936975,0.1956521739130435,0.20425146247013268,0.5625,0.4333110040864104,0.2903225806451613,inf,inf,inf,inf,0.022779043280182234,2026-03-07 12:46:41.556985
0.8,0.5777111444277861,0.1956521739130435,0.20447074293228165,0.5625,0.43333717754801215,0.2903225806451613,inf,inf,inf,inf,0.022727272727272728,2026-03-07 12:46:41.556985
0.800453514739229,0.5777687803662639,0.1956521739130435,0.20468890892696096,0.5625,0.4333631994512164,0.2903225806451613,inf,inf,inf,inf,0.022675736961451247,2026-03-07 12:46:41.568156
0.8009049773755657,0.5778260869565217,0.1956521739130435,0.20490596892886376,0.5625,0.4333890711087691,0.2903225806451613,inf,inf,inf,inf,0.02262443438914027,2026-03-07 12:46:41.568156
0.801354401805869,0.5778830670135018,0.1956521739130435,0.2051219313269716,0.5625,0.4334147938182976,0.2903225806451613,inf,inf,inf,inf,0.022573363431151242,2026-03-07 12:46:41.577387
0.8018018018018018,0.5779397233201581,0.1956521739130435,0.20533680442564317,0.5625,0.4334403688625274,0.2903225806451613,inf,inf,inf,inf,0.02252252252252252,2026-03-07 12:46:41.583970
0.802247191011236,0.5779960586279098,0.1956521739130435,0.20555059644567059,0.5625,0.43346579750949576,0.2903225806451613,inf,inf,inf,inf,0.02247191011235955,2026-03-07 12:46:41.586917
0.8004484304932735,0.5769441652197752,0.1935483870967742,0.2028997148479859,0.5625,0.4311290376425622,0.288,inf,inf,inf,inf,0.02242152466367713,2026-03-07 12:46:41.586917
0.7986577181208053,0.5759146525224519,0.19148936170212766,0.20029419949906518,0.5625,0.42882966638021397,0.2857142857142857,inf,inf,inf,inf,0.02237136465324385,2026-03-07 12:46:41.599078
0.7991071428571429,0.5759706695516288,0.19148936170212766,0.20050761421319793,0.5625,0.428854679463905,0.2857142857142857,inf,inf,inf,inf,0.022321428571428572,2026-03-07 12:46:41.604094
0.799554565701559,0.5760263709919089,0.19148936170212766,0.20071996518849614,0.5625,0.4288795501823081,0.2857142857142857,inf,inf,inf,inf,0.022271714922048998,2026-03-07 12:46:41.607106
0.8,0.5760817595027492,0.19148936170212766,0.20093126035829872,0.5625,0.4289042797475351,0.2857142857142857,inf,inf,inf,inf,0.022222222222222223,2026-03-07 12:46:41.617329
0.8004434589800443,0.576136837713809,0.19148936170212766,0.20114150757724855,0.5625,0.42892886935797514,0.2857142857142857,inf,inf,inf,inf,0.022172949002217297,2026-03-07 12:46:41.622860
0.8008849557522124,0.5761916082253655,0.19148936170212766,0.20135071462227105,0.5625,0.4289533201984885,0.2857142857142857,inf,inf,inf,inf,0.022123893805309734,2026-03-07 12:46:41.627370
0.7991169977924945,0.5751837694795648,0.18947368421052632,0.19879108277778856,0.5625,0.42668969848646715,0.28346456692913385,inf,inf,inf,inf,0.02207505518763797,2026-03-07 12:46:41.637041
0.7995594713656388,0.5752382348629234,0.18947368421052632,0.19899957346155342,0.5625,0.42671388342561106,0.28346456692913385,inf,inf,inf,inf,0.022026431718061675,2026-03-07 12:46:41.637041
0.7978021978021979,0.5742513927576602,0.1875,0.1964834152334157,0.5625,0.4244855972634673,0.28125,inf,inf,inf,inf,0.02197802197802198,2026-03-07 12:46:41.647120
0.7960526315789473,0.5732848979122993,0.18556701030927836,0.1940094267903302,0.5625,0.42229185856107465,0.27906976744186046,inf,inf,inf,inf,0.021929824561403508,2026-03-07 12:46:41.647120
0.7943107221006565,0.5723381274515378,0.1836734693877551,0.19157664947871558,0.5625,0.4201317837380262,0.27692307692307694,inf,inf,inf,inf,0.02188183807439825,2026-03-07 12:46:41.657169
0.7947598253275109,0.5723922902494332,0.1836734693877551,0.19178493654727083,0.5625,0.4201554619957927,0.27692307692307694,inf,inf,inf,inf,0.021834061135371178,2026-03-07 12:46:41.663025
0.7930283224400871,0.5714646464646465,0.18181818181818182,0.18939267190898487,0.5625,0.41802807889838545,0.2748091603053435,inf,inf,inf,inf,0.02178649237472767,2026-03-07 12:46:41.667104
0.7934782608695652,0.5755555555555556,0.19,0.1993404177354342,0.5757575757575758,0.42733021319713765,0.2857142857142857,inf,inf,inf,inf,0.021739130434782608,2026-03-07 12:46:41.667104
0.7939262472885033,0.5756094182825485,0.19,0.19955038107945117,0.5757575757575758,0.42735416102732454,0.2857142857142857,inf,inf,inf,inf,0.021691973969631236,2026-03-07 12:46:41.678833
0.7943722943722944,0.5796193192726475,0.19801980198019803,0.20921768584915865,0.5882352941176471,0.43628014357320555,0.2962962962962963,inf,inf,inf,inf,0.021645021645021644,2026-03-07 12:46:41.686914
0.7948164146868251,0.5796728844155133,0.19801980198019803,0.20942897711954242,0.5882352941176471,0.4363044551620159,0.2962962962962963,inf,inf,inf,inf,0.02159827213822894,2026-03-07 12:46:41.694826
0.7952586206896551,0.5797261544336252,0.19801980198019803,0.2096392454995339,0.5882352941176471,0.43632863145924716,0.2962962962962963,inf,inf,inf,inf,0.021551724137931036,2026-03-07 12:46:41.699495
0.7956989247311828,0.5797791317593298,0.19801980198019803,0.20984849839912684,0.5882352941176471,0.4363526735912024,0.2962962962962963,inf,inf,inf,inf,0.021505376344086023,2026-03-07 12:46:41.789347
0.796137339055794,0.5798318187983182,0.19801980198019803,0.21005674315691833,0.5882352941176471,0.4363765826717163,0.2962962962962963,inf,inf,inf,inf,0.02145922746781116,2026-03-07 12:46:41.797087
0.7944325481798715,0.5788611334944938,0.19607843137254902,0.20757918552036161,0.5882352941176471,0.43423221302288556,0.29411764705882354,inf,inf,inf,inf,0.021413276231263382,2026-03-07 12:46:41.807044
0.7927350427350427,0.5779092964489959,0.1941747572815534,0.20514077601905026,0.5882352941176471,0.43211914835161375,0.291970802919708,inf,inf,inf,inf,0.021367521367521368,2026-03-07 12:46:41.817178
0.7910447761194029,0.5769757639620654,0.19230769230769232,0.20274067649609745,0.5882352941176471,0.43003663431074696,0.2898550724637681,inf,inf,inf,inf,0.021321961620469083,2026-03-07 12:46:41.826957
0.7914893617021277,0.5770281630937368,0.19230769230769232,0.20294870907454815,0.5882352941176471,0.4300600659925267,0.2898550724637681,inf,inf,inf,inf,0.02127659574468085,2026-03-07 12:46:41.837068
0.7919320594479831,0.5770802766715574,0.19230769230769232,0.20315575044021658,0.5882352941176471,0.43008336871503594,0.2898550724637681,inf,inf,inf,inf,0.021231422505307854,2026-03-07 12:46:41.837068
0.7923728813559322,0.5771321070234114,0.19230769230769232,0.20336180766051254,0.5882352941176471,0.4301065435400706,0.2898550724637681,inf,inf,inf,inf,0.0211864406779661,2026-03-07 12:46:41.855486
0.7928118393234672,0.5771836564519491,0.19230769230769232,0.20356688773581685,0.5882352941176471,0.43012959151780106,0.2898550724637681,inf,inf,inf,inf,0.021141649048625793,2026-03-07 12:46:41.860944
0.7932489451476793,0.5772349272349273,0.19230769230769232,0.203770997600274,0.5882352941176471,0.43015251368693064,0.2898550724637681,inf,inf,inf,inf,0.02109704641350211,2026-03-07 12:46:41.872308
0.791578947368421,0.5763191763191764,0.19047619047619047,0.2014095270442387,0.5882352941176471,0.4280992680079975,0.28776978417266186,inf,inf,inf,inf,0.021052631578947368,2026-03-07 12:46:41.877377
0.792016806722689,0.5763701707097934,0.19047619047619047,0.2016129032258062,0.5882352941176471,0.42812195657721647,0.28776978417266186,inf,inf,inf,inf,0.02100840336134454,2026-03-07 12:46:41.887123
0.790356394129979,0.5754716981132075,0.18867924528301888,0.19928825622775828,0.5882352941176471,0.42609772794853645,0.28571428571428575,inf,inf,inf,inf,0.020964360587002098,2026-03-07 12:46:41.897111
0.7907949790794979,0.5755224183404342,0.18867924528301888,0.19949088960342962,0.5882352941176471,0.4261201866507762,0.28571428571428575,inf,inf,inf,inf,0.02092050209205021,2026-03-07 12:46:41.899658
0.791231732776618,0.5755728666093378,0.18867924528301888,0.19969257501837864,0.5882352941176471,0.426142523756897,0.28571428571428575,inf,inf,inf,inf,0.020876826722338204,2026-03-07 12:46:41.907331
0.7916666666666666,0.5756230451014025,0.18867924528301888,0.19989331910921462,0.5882352941176471,0.4261647402518443,0.28571428571428575,inf,inf,inf,inf,0.020833333333333332,2026-03-07 12:46:41.917305
0.7920997920997921,0.5794142635813884,0.19626168224299065,0.20903768992961877,0.6,0.43464351859343897,0.29577464788732394,inf,inf,inf,inf,0.02079002079002079,2026-03-07 12:46:41.931118
0.7904564315352697,0.5785056446821153,0.19444444444444445,0.20669426066551486,0.6,0.43262660043167656,0.29370629370629375,inf,inf,inf,inf,0.02074688796680498,2026-03-07 12:46:41.941155
0.7908902691511387,0.5785555555555556,0.19444444444444445,0.20689655172413804,0.6,0.4326490323405164,0.29370629370629375,inf,inf,inf,inf,0.020703933747412008,2026-03-07 12:46:41.953224
0.7913223140495868,0.5786052009456265,0.19444444444444445,0.2070979043664438,0.6,0.4326713437769693,0.29370629370629375,inf,inf,inf,inf,0.02066115702479339,2026-03-07 12:46:41.963947
0.7917525773195876,0.5786545829649278,0.19444444444444445,0.20729832510720897,0.6,0.43269353570903446,0.29370629370629375,inf,inf,inf,inf,0.020618556701030927,2026-03-07 12:46:41.974552
0.7901234567901234,0.5777626359720633,0.1926605504587156,0.20499085864579616,0.6,0.4307041296048335,0.2916666666666667,inf,inf,inf,inf,0.0205761316872428,2026-03-07 12:46:41.982848
0.7885010266940452,0.576489005388088,0.1926605504587156,0.20083801997865156,0.5833333333333334,0.4301340378531763,0.2896551724137931,inf,inf,inf,inf,0.02053388090349076,2026-03-07 12:46:41.992429
0.7889344262295082,0.576541357023553,0.1926605504587156,0.20104272634791406,0.5833333333333334,0.43015748593938236,0.2896551724137931,inf,inf,inf,inf,0.020491803278688523,2026-03-07 12:46:41.997289
0.7893660531697342,0.5765934331240946,0.1926605504587156,0.20124649126980387,0.5833333333333334,0.43018080934658404,0.2896551724137931,inf,inf,inf,inf,0.02044989775051125,2026-03-07 12:46:42.006901
0.789795918367347,0.5766452358592791,0.1926605504587156,0.20144932122401205,0.5833333333333334,0.43020400906666817,0.2896551724137931,inf,inf,inf,inf,0.02040816326530612,2026-03-07 12:46:42.017222
0.7881873727087576,0.5757695060844668,0.19090909090909092,0.19919706426622313,0.5833333333333334,0.42824407172521156,0.2876712328767123,inf,inf,inf,inf,0.02240325865580448,2026-03-07 12:46:42.017222
0.7886178861788617,0.5758210376011423,0.19090909090909092,0.19939917386406267,0.5833333333333334,0.4282670436045617,0.2876712328767123,inf,inf,inf,inf,0.022357723577235773,2026-03-07 12:46:42.026910
0.7890466531440162,0.575872300023736,0.19090909090909092,0.199600362171782,0.5833333333333334,0.42828989430382536,0.2876712328767123,inf,inf,inf,inf,0.02231237322515213,2026-03-07 12:46:42.042639
0.7894736842105263,0.5759232954545455,0.19090909090909092,0.19980063547442534,0.5833333333333334,0.42831262477944143,0.2876712328767123,inf,inf,inf,inf,0.022267206477732792,2026-03-07 12:46:42.047150
0.7878787878787878,0.5750633445945946,0.1891891891891892,0.19758232596915393,0.5833333333333334,0.4263789235955343,0.28571428571428575,inf,inf,inf,inf,0.022222222222222223,2026-03-07 12:46:42.058664
0.7883064516129032,0.5751140751140751,0.1891891891891892,0.1977818853974125,0.5833333333333334,0.4264014327112209,0.28571428571428575,inf,inf,inf,inf,0.02217741935483871,2026-03-07 12:46:42.072212
0.7887323943661971,0.5751645427811231,0.1891891891891892,0.19798054313246358,0.5833333333333334,0.42642382402042217,0.28571428571428575,inf,inf,inf,inf,0.022132796780684104,2026-03-07 12:46:42.081870
0.7871485943775101,0.5743199481865284,0.1875,0.19579524680073157,0.5833333333333334,0.4245158778773159,0.28378378378378377,inf,inf,inf,inf,0.02208835341365462,2026-03-07 12:46:42.090917
0.7875751503006012,0.5743701550387597,0.1875,0.19599319024746176,0.5833333333333334,0.424538052640202,0.28378378378378377,inf,inf,inf,inf,0.022044088176352707,2026-03-07 12:46:42.099559
